853,Faecalibacterium prausnitzii,8.18889638152493,7.27653502824588
40520,Blautia obeum,1.61634389833333,2.35363246744953
820,Bacteroides uniformis,3.02154021645963,4.97298306396555
33039,[Ruminococcus] torques,2.42695219371069,3.05520004822079
39491,[Eubacterium] rectale,6.99164274122642,7.06436968464017
821,Bacteroides vulgatus,2.56313706702614,3.67113350636234
88431,Dorea longicatena,1.76601301849673,1.906175303483
410072,Coprococcus comes,1.58260689877133,1.56642942763847
39486,Dorea formicigenerans,0.684898341285714,0.748450945858942
39488,[Eubacterium] hallii,1.80738779344086,2.35002538269095
360807,Roseburia inulinivorans,1.63831458337121,2.8247916525578
28116,Bacteroides ovatus,0.604768627047244,1.0528629001539
74426,Collinsella aerofaciens,3.17036958700787,6.81032544336974
40518,Ruminococcus bromii,5.86961313020243,7.72613045005027
1304,Streptococcus salivarius,1.19280991329268,3.03679939630522
357276,Bacteroides dorei,1.68651857653061,3.33652549223001
28117,Alistipes putredinis,2.80741593801653,3.45003473674428
116085,Coprococcus catus,0.35265685106383,0.346083709413873
39490,Eubacterium ramulus,0.35824634248927,0.394983950047959
328814,Alistipes shahii,0.682558267359307,1.26342567808217
818,Bacteroides thetaiotaomicron,0.624796507964602,0.887232755727691
216816,Bifidobacterium longum,3.02751959151111,5.77939861017388
39485,[Eubacterium] eligens,1.69297311580357,2.15861275366984
47678,Bacteroides caccae,0.947489227901786,1.20119281102599
487174,Barnesiella intestinihominis,0.953412580645161,0.990437764103709
166486,Roseburia intestinalis,1.25919243351852,2.67537855705743
562,Escherichia coli,2.5479176314218,7.37596006469317
46503,Parabacteroides merdae,1.13775377706731,1.31068470180907
39496,Eubacterium ventriosum,0.695568388349515,0.90021263345575
658089,Lachnospiraceae bacterium 5_1_63FAA,0.316943737864078,0.822897770163824
301301,Roseburia hominis,0.645443492,1.68208559255136
328813,Alistipes onderdonkii,1.06858959313131,2.6429929251403
823,Parabacteroides distasonis,0.492552726192893,0.691702296613657
39492,[Eubacterium] siraeum,1.63598546162437,2.82078326640352
46228,Ruminococcus lactaris,1.42925877739796,1.4745188278197
239935,Akkermansia muciniphila,3.71824204306122,8.40691789161465
246787,Bacteroides cellulosilyticus,1.01036409175141,1.8574330855034
46506,Bacteroides stercoris,3.12108948977143,5.97128958278426
649756,Anaerostipes hadrus,0.30553134502924,0.788128277894161
33038,[Ruminococcus] gnavus,2.15889511610778,5.3061635192364
1680,Bifidobacterium adolescentis,6.86804332048193,9.79411889420252
1308,Streptococcus thermophilus,0.827768662012195,1.3876844676227
446660,Adlercreutzia equolifaciens,0.323885182926829,0.531569736257506
204516,Bacteroides massiliensis,1.64578724403846,1.98451779647983
1318,Streptococcus parasanguinis,0.542775870967742,1.05090044329328
371601,Bacteroides xylanisolvens,0.176500231225806,0.291975418794281
658087,Lachnospiraceae bacterium 7_1_58FAA,0.063779025974026,0.100351457595437
658081,Lachnospiraceae bacterium 1_1_57FAA,1.52099087837838,4.38005563797653
665950,Lachnospiraceae bacterium 3_1_46FAA,0.325702237762238,0.454973970921507
1535,[Clostridium] leptum,0.202215824113475,0.348150782434333
214856,Alistipes finegoldii,0.228131432907801,0.448256868428126
817,Bacteroides fragilis,0.873168561942446,2.40712015210094
40519,Ruminococcus callidus,0.554313111755725,0.956456985512958
165179,Prevotella copri,11.3467996507692,13.6133336793556
2173,Methanobrevibacter smithii,2.61941307086614,4.24053449435094
261299,Intestinibacter bartlettii,0.461622439338843,0.785043770647377
208479,[Clostridium] bolteae,0.453623264210526,1.28221089185965
35833,Bilophila wadsworthia,0.0774791734234234,0.117148293931455
29466,Veillonella parvula,0.102440673584906,0.242362331070404
310297,Bacteroides plebeius,2.66944978238095,4.5012801304541
457412,Ruminococcus sp. 5_1_39BFAA,5.74128306930693,6.9553901556371
1288121,Alistipes senegalensis,0.0569088,0.115405995216361
1735,Holdemanella biformis,2.02600181354167,2.61361246394612
28111,Bacteroides eggerthii,1.48138511705263,3.24568249874381
61171,Holdemania filiformis,0.046264374893617,0.0803899129933043
729,Haemophilus parainfluenzae,0.276764513010753,0.677433649874261
113107,Streptococcus australis,0.0908584782608696,0.248909497520486
338188,Bacteroides finegoldii,0.528796008913043,0.797289843114588
665951,Lachnospiraceae bacterium 8_1_57FAA,0.773044782608696,0.888562937330078
626932,Alistipes indistinctus,0.260772444835165,0.924872405099157
218538,Dialister invisus,4.02162724022222,5.45127450597317
43675,Rothia mucilaginosa,0.0485307850561798,0.0698941881190089
1681,Bifidobacterium bifidum,2.21899348704545,3.57599903904845
28118,Odoribacter splanchnicus,0.540025292470588,0.405980486801361
471189,Gordonibacter pamelaeae,0.0908309177647059,0.146152955749787
28037,Streptococcus mitis,0.557313610833333,2.97477211338007
45851,Butyrivibrio crossotus,7.49236965073171,8.48695428026076
154046,Hungatella hathewayi,0.133416053658537,0.383712766472107
626940,Phascolarctobacterium succinatutens,2.87636074074074,2.44704406450148
658082,Lachnospiraceae bacterium 2_1_58FAA,0.304181234567901,0.685853527692653
1358,Lactococcus lactis,0.1996703675,0.477836778263541
84112,Eggerthella lenta,0.079908132625,0.141598615771375
454154,Paraprevotella clara,0.244458441794872,0.407354668243257
658086,Lachnospiraceae bacterium 3_1_57FAA_CT1,0.181541794871795,0.612717923116686
292800,Flavonifractor plautii,0.110883246753247,0.224250525021046
1343,Streptococcus vestibularis,0.370432159473684,0.921386073223458
310298,Bacteroides coprocola,3.92488742068493,5.89431768304598
1305,Streptococcus sanguinis,0.0262768828169014,0.0407468693627456
658655,Lachnospiraceae bacterium 1_4_56FAA,0.158949275362319,0.219199242305735
1351,Enterococcus faecalis,1.27961970588235,2.11012731761243
333367,[Clostridium] asparagiforme,0.0891794117647059,0.269659486234152
1099853,Coprobacter fastidiosus,0.0572071641791045,0.0532390890459476
1302,Streptococcus gordonii,0.1045461590625,0.256215030668297
1686,Bifidobacterium catenulatum,2.08386328125,5.90333992580258
39777,Veillonella atypica,0.3604326196875,1.34977701871306
552398,Ruminococcaceae bacterium D16,0.1636059375,0.369946728497619
658657,Erysipelotrichaceae bacterium 21_3,0.07478078125,0.194523065530002
901,Desulfovibrio piger,2.11355389016393,4.92127846596287
1328,Streptococcus anginosus,0.14596338704918,0.25825500514716
1352,Enterococcus faecium,0.332376431311475,0.495850963980926
358743,[Clostridium] citroniae,0.0438821003278689,0.122291356369965
387661,Parabacteroides johnsonii,0.453928635737705,0.964962822015379
1660,Actinomyces odontolyticus,0.0199038041666667,0.0277923116271659
102148,Solobacterium moorei,0.00848838666666667,0.0114058425513532
68892,Streptococcus infantis,0.0413491525423729,0.0764418857309069
469614,Erysipelotrichaceae bacterium 6_1_45,0.435009322033898,1.83045317527341
1512,[Clostridium] symbiosum,0.228185006034483,0.62963007727425
40545,Sutterella wadsworthensis,1.39662655172414,2.57441057387222
674529,Bacteroides faecis,0.289471206896552,0.556345925787745
28026,Bifidobacterium pseudocatenulatum,2.63329229491228,3.76187618740231
106588,Pseudoflavonifractor capillosus,0.0234835087719298,0.0327507365506721
487175,Parasutterella excrementihominis,0.237781889473684,0.9552505955979
626929,Bacteroides clarus,0.0734347368421053,0.0910046242173845
39483,Faecalitalea cylindroides,0.472801582857143,0.787292662152102
84135,Gemella sanguinis,0.0271854545454545,0.0440698084616341
169435,Anaerotruncus colihominis,0.0783479090909091,0.117509096700461
457422,Erysipelotrichaceae bacterium 2_2_44A,0.111929272727273,0.438720554208082
469610,Burkholderiales bacterium 1_1_47,0.0720242592592593,0.159504126315607
454155,Paraprevotella xylaniphila,0.311095769230769,0.616096819630016
329854,Bacteroides intestinalis,0.156271339803922,0.188382998821256
46124,Granulicatella adiacens,0.0368152932653061,0.137500799295586
53443,Blautia hydrogenotrophica,0.0770027695918367,0.107753347024824
100886,Catenibacterium mitsuokai,0.974872040816327,1.14132872452093
1118061,Alistipes obesi,0.475038571428571,0.527747918762673
1689,Bifidobacterium dentium,0.0878952372340426,0.166935783148315
28025,Bifidobacterium animalis,0.339833667021277,0.920283688656224
328812,Parabacteroides goldsteinii,0.183527102826087,0.217734849701337
291644,Bacteroides salyersiae,0.270852774222222,0.300659990947195
1582,Lactobacillus casei,0.113949715454545,0.141223401783035
1522,[Clostridium] innocuum,0.0987078642857143,0.373974339634019
29361,Tyzzerella nexilis,0.522064285714286,0.849890145535731
214851,Subdoligranulum variabile,0.003505,0.00438231548663378
55565,Actinomyces graevenitzii,0.0654318634146342,0.163581542580584
905,Acidaminococcus fermentans,0.5851589115,0.895995579649791
66852,Methanobrevibacter sp.,0.62818125,0.795983327892622
291645,Bacteroides nordii,0.08816416175,0.281157115815162
1382,Atopobium parvulum,0.0206791902564103,0.0586948459441078
1531,[Clostridium] clostridioforme,1.83735771611111,4.16968913675817
187327,Acidaminococcus intestini,0.103059578888889,0.131066208564948
876,Desulfovibrio desulfuricans,0.0592923454285714,0.113163759880024
1547,Erysipelatoclostridium ramosum,0.213517917142857,0.526213992546266
384638,[Bacteroides] pectinophilus,0.936634201142857,0.707846904123629
457421,Clostridiales bacterium 1_7_47FAA,0.166536470588235,0.566350225384635
1118060,Enorma massiliensis phI,0.675062647058823,1.09664914154729
1070699,Clostridiaceae bacterium JC118,0.130829393939394,0.460498646570618
39778,Veillonella dispar,0.042222884375,0.104609829408426
53345,Enterococcus durans,0.3202990625,0.382764647930741
387090,Bacteroides coprophilus,1.942964490625,1.82025843069769
847,Oxalobacter formigenes,0.0603464916129032,0.104396734783543
29347,[Clostridium] scindens,0.0344545046666667,0.0988101838495663
1264,Ruminococcus albus,0.0167318868965517,0.0449056426838844
147207,Collinsella intestinalis,0.822656156896552,1.74940158715225
487173,Dialister succinatiphilus,5.47066172413793,7.68811205027795
658085,Lachnospiraceae bacterium 5_1_57FAA,0.152026896551724,0.266635103828427
1309,Streptococcus mutans,0.0531087467857143,0.0457263400808561
1656,Actinomyces viscosus,0.0122660821428571,0.0183632883173068
2047,Rothia dentocariosa,0.0162898632142857,0.0269158030054837
33043,Coprococcus eutactus,1.84873480888889,1.55765468302586
411489,Clostridium sp. L2-50,3.17888148148148,2.38491051949496
1596,Lactobacillus gasseri,0.0387139923076923,0.0415641197318738
419015,Alloscardovia omnicolens,0.266826,0.384663569326063
550,Enterobacter cloacae,0.319623333333333,0.719766694203099
1245,Leuconostoc mesenteroides,0.0484995458333333,0.0643096576386537
1379,Gemella haemolysans,0.0756016491304348,0.245217646748478
2317,Methanosphaera stadtmanae,0.252927826086957,0.252809550721424
154288,Turicibacter sanguinis,0.0719221739130435,0.0694016491785005
158847,Megamonas hypermegale,3.86820304347826,5.51195611700967
33968,Leuconostoc pseudomesenteroides,0.0466745177272727,0.0624800826712182
52226,Mitsuokella multacida,0.237366060909091,0.502394730260002
1613,Lactobacillus fermentum,0.0429783785714286,0.0497429637625826
1744,Propionibacterium freudenreichii,0.114108095238095,0.190208072032158
35517,[Eubacterium] brachy,0.0128157019047619,0.0162929160177384
573,Klebsiella pneumoniae,3.0249821075,6.21410454078704
363265,Prevotella stercorea,1.452616,2.27739453898621
1211813,Candidatus Alistipes marseilloanorexicus AP11,0.730371,0.569258844203769
1265,Ruminococcus flavefaciens,0.0100015026315789,0.00768508987384001
1338,Streptococcus intermedius,0.0202636305263158,0.0277634606405569
1366,Lactococcus raffinolactis,1.16576815789474,3.76422204706435
1624,Lactobacillus salivarius,0.458931826842105,0.52674306334922
56774,[Eubacterium] infirmum,0.00451947368421053,0.0043469765657475
491921,Megamonas rupellensis,0.0578342105263158,0.0624012159172657
623,Shigella flexneri,0.0527493622222222,0.0562966142918151
230143,Scardovia wiggsiae,0.0126383333333333,0.0203534405965588
341694,Peptostreptococcus stomatis,0.0195763411111111,0.0277512362976172
469613,Enterobacteriaceae bacterium 9_2_54FAA,0.42145,0.719877062396564
571,Klebsiella oxytoca,1.16212764705882,2.63837615454926
850,Fusobacterium mortiferum,0.626584962352941,0.905407868428649
851,Fusobacterium nucleatum,0.495799229411765,1.45313774206519
1584,Lactobacillus delbrueckii,0.113379411764706,0.13397269924646
47715,Lactobacillus rhamnosus,0.0573456117647059,0.090269846210694
47770,Lactobacillus crispatus,6.96937024117647,9.11434675389078
197614,Streptococcus pasteurianus,0.491610851764706,1.3104116183186
1161942,Ruminococcus champanellensis,0.233827400588235,0.292306110453778
546,Citrobacter freundii,0.35446865,0.594427401519647
1502,Clostridium perfringens,0.736636415,1.18849789636559
1736,Eubacterium limosum,0.377857478125,0.394350077398624
33031,Peptoniphilus lacrimalis,0.96751151375,1.96668408193089
33035,Blautia producta,0.3568560975,0.644198153878606
751585,Coprococcus sp. ART55/1,11.76027875,4.62561042154204
294,Pseudomonas fluorescens,0.764730964,2.02205862698565
306,Pseudomonas sp.,0.151077333333333,0.413443759631338
84026,[Clostridium] methylpentosum,0.0569613106666667,0.0938220647025725
160453,Enterococcus gilvus,2.332196564,6.00347894329172
457402,Eubacterium sp. 3_1_31,0.395212,0.747168551582764
658083,Lachnospiraceae bacterium 6_1_63FAA,0.0882093333333333,0.125815657410053
658088,Lachnospiraceae bacterium 9_1_43BFAA,0.0678333333333333,0.0735034863766598
569,Hafnia alvei,0.0934064285714286,0.116098858578312
1303,Streptococcus oralis,0.398376521428571,0.850364422045531
1598,Lactobacillus reuteri,11.6049791385714,13.8971178924762
31971,[Eubacterium] dolichum,0.0896088457142857,0.11495380031203
45634,Streptococcus cristatus,0.00597428571428571,0.00466890979580016
76860,Streptococcus constellatus,0.0226469028571429,0.0580181191807907
137732,Granulicatella elegans,0.0933373085714286,0.275158710897628
626935,Collinsella tanakaei,0.632576387142857,0.634968267158704
665956,Subdoligranulum sp. 4_3_54A2FAA,1.96858428571429,2.88723415271356
576,Klebsiella sp.,0.484796923076923,1.57880343053626
1747,Propionibacterium acnes,0.0169155307692308,0.0226086147087559
33033,Parvimonas micra,0.0153999653846154,0.031518004592226
46125,Abiotrophia defectiva,0.00761317461538462,0.00701438744860235
544580,Actinomyces oris,0.0232731284615385,0.030162288740562
658659,Erysipelotrichaceae bacterium 3_1_53,0.0506292307692308,0.0472706137506059
287,Pseudomonas aeruginosa,0.0291731783333333,0.0527609065750537
1254,Pediococcus acidilactici,2.24782916666667,1.91740116791386
1354,Enterococcus hirae,0.04380817,0.0442533669034683
28108,Alteromonas macleodii,0.6237485475,0.891317211819859
29348,[Clostridium] spiroforme,0.12264192,0.168198563928529
36834,Clostridium celatum,0.0171403041666667,0.0204750175049371
44749,Sporobacter termitidis,0.370589561666667,0.788869399348206
69825,[Clostridium] indolis,0.237420703333333,0.442310003691035
89153,[Clostridium] hylemonae,0.0154481841666667,0.012493125036912
237576,Oribacterium sinus,0.0092125,0.00826232426576973
1077464,Streptococcus tigurinus,0.00257083333333333,0.00221104441932821
483,Neisseria cinerea,0.359786211818182,0.555731170591857
548,[Enterobacter] aerogenes,5.70903363636364,17.9975790295263
1260,Finegoldia magna,0.0158214727272727,0.0173981941434323
1311,Streptococcus agalactiae,0.111595545454545,0.2312092665689
1599,Lactobacillus sakei,0.0848336363636364,0.0950726798057915
1655,Actinomyces naeslundii,0.0107313572727273,0.013685231043867
28446,[Clostridium] propionicum,0.229413466363636,0.31749884045265
89014,Blautia luti,0.68099398,1.19408254731069
447456,candidate division TM7 single-cell isolate TM7c,0.00999454545454545,0.0169377320581218
536633,Blautia glucerasea,0.105880219090909,0.158317111054987
552396,Erysipelotrichaceae bacterium 5_2_54FAA,0.0277545454545455,0.0277510963256
1297750,Bacteroides luti,4.32385353636364,9.34052291291631
488,Neisseria mucosa,0.150587316,0.242303069804382
907,Megasphaera elsdenii,0.162056324,0.117995322763864
1262,Peptostreptococcus sp.,0.00997,0.00959650862437886
1280,Staphylococcus aureus,0.431670503,1.30198423427463
1623,Lactobacillus ruminis,0.16411888,0.100831010987454
2751,Carnobacterium maltaromaticum,0.057122198,0.0700449827073752
28038,Lactobacillus curvatus,0.03188,0.0211264378866334
34062,Moraxella osloensis,0.293004518,0.583452745742545
36847,[Clostridium] neopropionicum,0.512013252,1.07700858933184
37734,Enterococcus casseliflavus,17.50135206,20.2807944732634
47246,[Clostridium] viride,0.890391001,1.04456062018498
61592,Corynebacterium durum,0.010217,0.0142523932103427
84030,[Clostridium] saccharolyticum,0.291490911,0.727934905257619
114652,Streptococcus orisratti,0.102995018,0.144225351711963
180311,Hespellia stercorisuis,0.698478206,1.14754819978501
856,Fusobacterium varium,0.105165911111111,0.118609290336333
1683,Bifidobacterium angulatum,0.438154444444444,0.494215145916005
28125,Prevotella bivia,0.0344632222222222,0.0343927034881229
29391,Gemella morbillorum,0.0187065077777778,0.0270024653632552
33959,Lactobacillus johnsonii,8.49784658222222,6.42028941788682
69393,Pantoea sp.,0.0152866666666667,0.00865488301480731
97478,Lactobacillus mucosae,5.24691931555556,10.4028780504284
157687,Leptotrichia wadei,0.0230242633333333,0.0151186214187455
187326,Megasphaera micronuciformis,2.07635444444444,4.05668874424114
351091,Oscillibacter valericigenes,0.159104322222222,0.194022138534014
587753,Pseudomonas chlororaphis,0.0533420322222222,0.095059802526622
539,Eikenella corrodens,0.2464293425,0.577705360146526
860,Fusobacterium periodonticum,0.06086028,0.0922896601016313
1559,Clostridium tertium,0.17180957125,0.302294484974772
1590,Lactobacillus plantarum,0.04345796,0.0629491443231966
28133,Prevotella nigrescens,0.06259190625,0.123435980354701
39484,Eubacterium desmolans,0.1224941375,0.14971228257794
59310,Streptococcus macedonicus,0.09830189125,0.125645248253296
133926,Olsenella uli,0.01018142625,0.0178689810654385
160386,Corynebacterium casei,0.11376492625,0.0895949032013417
214853,Anaerofustis stercorihominis,0.02421208875,0.044809318108012
376804,Bacteroides barnesiae,0.36167731125,0.437069550763613
552395,Lachnospiraceae bacterium 4_1_37FAA,0.07945875,0.0992029094385413
626930,Bacteroides fluxus,1.300035,3.59026500744921
1095771,Ruminococcus sp. JC304,0.79647375,0.406296678722669
1608996,Pseudomonas helleri,0.055267845,0.0385582225306121
632,Yersinia pestis,0.0869756,0.144774431140965
739,Aggregatibacter segnis,0.0525179371428571,0.105620762138979
861,Fusobacterium ulcerans,2.77340978571429,2.81857106295373
1307,Streptococcus suis,0.288255144285714,0.371836200602619
1313,Streptococcus pneumoniae,0.0641102457142857,0.0973294681025484
1365,Lactococcus plantarum,2.24297886285714,5.40381763799254
1383,Atopobium rimae,0.0164488242857143,0.0245371572543302
1532,Blautia coccoides,0.0161953114285714,0.0131572313134646
28091,Neisseria weaveri,0.0437239214285714,0.0274389911270115
40214,Acinetobacter johnsonii,0.0265833728571429,0.0478965941137797
41276,Brevundimonas vesicularis,0.0139307885714286,0.0190637986744671
41976,Porphyromonas catoniae,0.100488237142857,0.238275241808507
47877,Pseudomonas amygdali,0.167062792857143,0.397127583323835
76853,Solibacillus silvestris,0.130498508571429,0.103747712655267
100884,Coprobacillus cateniformis,0.146262208571429,0.12123410384786
105841,Anaerostipes caccae,0.105338987142857,0.0897602008691485
115979,Bacillus nealsonii,0.0460186071428571,0.0925621565488063
122355,Pseudomonas psychrophila,0.698295834285714,1.73175027116054
150055,Streptococcus lutetiensis,1.41465285714286,0.682519439276623
386414,Prevotella timonensis,0.0114263157142857,0.0117364856390685
626934,Slackia piriformis,0.545675714285714,0.779509970213278
745368,Gemmiger formicilis,0.447220871428571,0.339082255031257
936548,Actinomyces sp. ICM47,0.244534285714286,0.154398154982191
1465754,Alistipes timonensis,0.583432174285714,1.44185673171522
1661055,Pseudomonas sp. NBRC 111140,0.0296694328571429,0.0632355816892952
285,Comamonas testosteroni,0.0434592833333333,0.0389363255294989
839,Prevotella ruminicola,0.03744741,0.0610583053013213
1244,Leuconostoc gelidum,0.024012275,0.0232209440478287
1246,Leuconostoc lactis,0.190181413333333,0.442286759692142
1282,Staphylococcus epidermidis,0.111410361666667,0.164383308569637
1349,Streptococcus uberis,0.0475781966666667,0.0642584474742867
1356,Enterococcus sulfureus,0.185863166666667,0.216114752947064
1428,Bacillus thuringiensis,6.18137325,3.78704485337359
1515,Ruminiclostridium thermocellum,0.054136825,0.0445959539405062
1579,Lactobacillus acidophilus,0.291062883333333,0.401020882513469
1633,Lactobacillus vaginalis,0.03495579,0.0346971926202769
1659,Actinomyces israelii,0.0133444383333333,0.012732026736988
1685,Bifidobacterium breve,0.278831666666667,0.631682091195141
28132,Prevotella melaninogenica,0.130425158333333,0.259675100343729
29363,Clostridium paraputrificum,0.0654333583333333,0.0848629404526985
33932,Bacillus cohnii,0.832986726666667,0.507476564342938
33978,Caryophanon tenue,0.0228812883333333,0.00898933692262208
33987,Exiguobacterium aurantiacum,0.77423556,0.446824392599502
36773,Burkholderia sp.,0.642486666666667,1.53806269636405
36835,[Clostridium] colinum,0.04070952,0.052993908461828
40542,Leptotrichia buccalis,0.0231103783333333,0.0129364529387625
47880,Pseudomonas fulva,0.0257611,0.0229972203168122
47884,Pseudomonas taetrolens,0.112573548333333,0.242449601814231
131111,Actinomyces turicensis,0.0364033333333333,0.0236544885099354
132476,Pseudomonas kilonensis,0.205003233333333,0.230033427114415
147709,Carnobacterium inhibens,0.0257169066666667,0.0193207767647304
155617,Enterococcus moraviensis,0.0123421266666667,0.00652176551613646
177972,Shuttleworthia satelles,0.0164962483333333,0.0220700114599204
192421,Planococcus maritimus,0.06283281,0.043083594923922
220687,Bacillus novalis,0.02657562,0.0155805218872386
358742,[Clostridium] aldenense,0.0299886083333333,0.031499803686873
397865,Barnesiella viscericola,0.316925183333333,0.503872620627168
416586,Selenomonas bovis,0.203095,0.187422244757659
437897,Megamonas funiformis,0.351243333333333,0.126942666060969
437898,Sutterella parvirubra,0.466662816666667,0.693617463600989
461876,Alkaliphilus oremlandii,0.313378606666667,0.191529666922491
469588,Bacteroides sp. 2_1_22,1.659575,1.23309329998585
638849,Pyramidobacter piscolens,0.0824666666666667,0.051506317541314
887358,Arthrobacter sp. KOPRI 25587,0.0244355833333333,0.0144401015361273
1038856,Planococcus plakortidis,0.126482253333333,0.104425687907271
1755626,Faecalibacterium sp. MC_41,1.771742595,3.10401763903495
293,Brevundimonas diminuta,0.005844848,0.0016685122927836
496,Neisseria macacae,0.017461714,0.013849216367917
996,Flavobacterium columnare,0.10194884,0.183324650203479
1322,Blautia hansenii,0.017535374,0.0232782456539551
1364,Lactococcus piscium,1.88334172,3.9784165181964
1392,Bacillus anthracis,0.03258696,0.0131302171913872
1396,Bacillus cereus,0.014945554,0.00697129677809516
1402,Bacillus licheniformis,0.012972764,0.0156903477958594
1405,Bacillus mycoides,0.07750046,0.0477811644003995
1408,Bacillus pumilus,0.14695842,0.06949475024908
1409,Bacillus sp.,0.339928348,0.342838680412382
1421,Lysinibacillus sphaericus,0.045618096,0.0248655367719275
1467,Bacillus lentus,0.0451061,0.0163753958463605
1476,Sporosarcina psychrophila,0.16582156,0.0806796076060611
1537,Romboutsia lituseburensis,0.19413876,0.364778338983975
1833,Rhodococcus erythropolis,0.003078848,0.00231912877054509
2718,Cardiobacterium hominis,0.005733228,0.00340113606867911
28123,Porphyromonas asaccharolytica,0.03928,0.0328082474387158
28135,Prevotella oris,0.006926728,0.0062242158289113
29354,[Clostridium] celerecrescens,0.005943924,0.00548452429300208
29375,[Clostridium] xylanolyticum,0.0242439,0.022348784279128
29385,Staphylococcus saprophyticus,0.014400286,0.00999685939785491
29430,Acinetobacter haemolyticus,0.047366678,0.0914440393880491
31998,Methylobacterium radiotolerans,0.013915272,0.00931048507597322
33935,Lysinibacillus macroides,0.025588078,0.0285572802541142
34086,Pedobacter antarcticus,0.76194276,0.837219184358725
37637,Corynebacterium pseudodiphtheriticum,0.016498714,0.0181743359299502
38284,Corynebacterium accolens,0.006469202,0.00495549369169914
38304,Corynebacterium tuberculostearicum,0.01721761,0.0222776119459156
39029,Megasphaera cerevisiae,0.035099596,0.0393839117467556
40215,Acinetobacter junii,0.013793166,0.0100196944301351
40324,Stenotrophomonas maltophilia,0.007312616,0.00332610787051923
43768,Corynebacterium matruchotii,0.010554106,0.00864367336518624
44008,Enterococcus cecorum,0.005145676,0.0039270178075774
47671,Lautropia mirabilis,0.007622376,0.00367708655892542
47879,Pseudomonas corrugata,0.049434432,0.101654291976171
51664,Lactobacillus dextrinicus,0.04166982,0.0366791465891997
51669,Tetragenococcus halophilus,0.029801762,0.0581090221900422
70775,Pseudomonas plecoglossicida,0.014009858,0.0206646782295568
74316,Brevundimonas aurantiaca,0.012735744,0.0119870199237313
79882,Bacillus halmapalus,0.0058576,0.00100240175613374
79883,Bacillus horikoshii,0.076313188,0.0607093196120062
102684,Streptococcus infantarius,0.010333398,0.0164146903127906
114527,Mogibacterium diversum,0.07939217,0.11691837915386
114528,Mogibacterium neglectum,0.057475568,0.109369790297582
118748,Bulleidia extructa,0.00727119,0.0106045046423819
135082,Selenomonas infelix,0.005962428,0.00322941925546529
137461,Aerosphaera taetra,0.005103308,0.00276448757871509
157692,Leptotrichia goodfellowii,0.021709156,0.0262711887807505
157838,Bacillus shackletonii,0.128504308,0.129414578940158
202611,Lysinibacillus odysseyi,0.167234008,0.155592089091844
202955,Acinetobacter tjernbergiae,0.011958854,0.0114405362222048
208596,Carnobacterium sp. 17-4,0.014822678,0.0110809215534639
220688,Bacillus soli,0.00586659,0.0010829291359318
243924,Pseudomonas lutea,0.058572834,0.10395496435082
310514,Prevotella multisaccharivorax,0.09269447,0.0654626292219805
314275,Alteromonas mediterranea,0.01561829,0.010643034237627
315405,Streptococcus gallolyticus,0.0393947,0.0253075735294793
332163,Candidatus Solibacter usitatus,0.009844036,0.00766296824935873
341225,[Clostridium] saccharogumia,0.009938902,0.00980766605521518
359365,Sporosarcina saromensis,0.027023362,0.0228252290891728
360911,Exiguobacterium sp. AT1b,0.02827084,0.01086426584579
467210,Lachnoanaerobaculum saburreum,0.0923145,0.165429738750919
501571,Butyricicoccus pullicaecorum,0.0095,0.0126606615151026
574375,Bacillus gaemokensis,0.013445082,0.0117965428232224
582475,Lysinibacillus xylanilyticus,0.07688564,0.0595068498676665
582850,Sporosarcina luteola,0.8516152,0.284752977611648
645466,Anaerostipes butyraticus,0.011647142,0.00748783409624038
650643,Alistipes sp. RMA 9912,0.003779028,0.00159268904829851
656366,Arthrobacter alpinus,0.023118036,0.0151867538463123
887357,Arthrobacter sp. KOPRI 25535,0.00673358,0.00566982930218803
930124,Bacillus halosaccharovorans,0.13912802,0.0697102238513261
1113588,Bacillus sp. NBRC 3527,0.005820624,0.00366399829222531
1226323,Oscillibacter sp. KLE 1745,0.312622,0.226109128564063
1385387,Streptococcus sp. MR-1949,0.6008926,0.80817020863733
1590651,Paenibacillus sp. VKM B-2647,0.033144506,0.0531810634648314
1811976,Bacillus sp. KCTC 13219,0.8992742,0.26700305076759
204,Campylobacter showae,0.0156552075,0.0273349810748686
316,Pseudomonas stutzeri,0.05970538,0.0942388188511677
317,Pseudomonas syringae,0.0513350975,0.0912055554814608
584,Proteus mirabilis,0.04743,0.0476540750268712
621,Shigella boydii,0.031852365,0.0221114302248611
726,Haemophilus haemolyticus,0.0080468475,0.00667042136863619
859,Fusobacterium necrophorum,0.00952873,0.00905711229864869
881,Desulfovibrio vulgaris,0.0077111225,0.0018854682460046
1018,Capnocytophaga ochracea,0.0174452075,0.0150769470256578
1112,Porphyrobacter neustonensis,0.308234525,0.242136942680864
1261,Peptostreptococcus anaerobius,0.011215,0.00812497999997538
1270,Micrococcus luteus,0.0138978325,0.00640040031843517
1337,Streptococcus hyointestinalis,0.0097024075,0.0088852800360723
1363,Lactococcus garvieae,0.02792875,0.0103483866496184
1404,Bacillus megaterium,0.01974089,0.0117353509491792
1423,Bacillus subtilis,0.0075629475,0.0061174627428119
1459,Sporosarcina globispora,0.0142223325,0.00785551834145218
1492,Clostridium butyricum,0.0177432625,0.0208208106488682
1496,Clostridioides difficile,0.12868885,0.197937582218798
1604,Lactobacillus amylovorus,0.063628875,0.0487954756422748
1665,Arthrobacter globiformis,0.0139222525,0.00950863601036929
1670,Arthrobacter citreus,0.004885275,0.00359976792437605
1750,Propionibacterium propionicum,0.001805,0.0019004122359811
2057,Sphaerobacter thermophilus,0.0120336575,0.0145799134715914
28090,Acinetobacter lwoffii,0.0115302925,0.00634973813320085
28121,Butyrivibrio sp.,0.014865,0.00896439810212227
28901,Salmonella enterica,0.008546765,0.00678455299810041
29317,Actinomyces sp.,0.0265015825,0.0392946259895357
29360,Cellulosilyticum lentocellum,0.02300394,0.033341606283969
29370,[Clostridium] sphenoides,0.0414775375,0.0583582580471889
29389,Streptococcus alactolyticus,0.05407172,0.0920016948907588
33946,Kurthia gibsonii,0.0032714725,0.0017241482360937
33964,Leuconostoc citreum,0.0807030375,0.151204267145042
35841,Bacillus thermoamylovorans,0.0167764275,0.0113007488015953
37915,Dietzia maris,0.0122745575,0.0131049023617636
39493,Clostridium tarantellae,0.0166713225,0.0245174813985074
40681,Sphingomonas asaccharolytica,0.00431572,0.0025027215738738
43770,Corynebacterium striatum,0.101355,0.0095095758755758
49319,Rubrobacter xylanophilus,0.02588279,0.0289891243430659
53446,Streptomyces cinnamoneus,0.01307525,0.00180786855440322
59841,Paenibacillus kobensis,0.008806525,0.00966919532718382
69823,Selenomonas sputigena,0.0076106375,0.00463012023998207
78258,Parascardovia denticolens,0.005245,0.00908546274734167
88688,Caulobacter segnis,0.0042422325,0.00230690854281041
89152,[Clostridium] hiranonis,0.0636089275,0.102816949741028
93064,Sphingomonas koreensis,0.0263735275,0.0283409979304368
134534,Acinetobacter gyllenbergii,0.0153421775,0.00948869410325213
143393,[Eubacterium] sulci,0.0269984075,0.0190391423378845
146919,Salinibacter ruber,0.012382305,0.0105634553873421
156980,Arthrobacter woluwensis,0.1534336,0.205914595850497
160799,Paenibacillus borealis,0.019451815,0.0138614534081952
167964,Anaerolinea thermophila,0.0235463675,0.0346026475824393
173480,Gemmatimonas aurantiaca,0.0586452575,0.0700397891256612
181487,Actinomyces cardiffensis,0.0029074125,0.00231840009718448
182640,Kribbella flavida,0.0307384275,0.0423903010050706
185293,Prevotella oryzae,0.0037848925,0.0016878729280641
185294,Prevotella paludivivens,0.0872067075,0.142732163550477
189381,Bacillus marisflavi,0.0124830025,0.0131975803001166
189426,Paenibacillus odorifer,0.00230782,0.000485818939317931
202956,Acinetobacter towneri,0.010479595,0.0107908354748478
203471,Tepidiphilus margaritifer,0.0100072625,0.00657202405646021
218284,Bacillus vietnamensis,0.0061772375,0.00339995050353555
228604,Prevotella salivae,0.5323159,0.97403264392587
229549,Streptococcus minor,0.0225079425,0.0222920392555255
237258,Cloacibacterium normanense,0.070631685,0.118175638527167
286730,Alkaliflexus imshenetskii,0.217573585,0.257978947285065
290055,[Eubacterium] fissicatena,0.0047596325,0.00184463212904136
291990,Thermosediminibacter oceani,0.06462296,0.0604280115428686
301302,Roseburia faecis,0.3590375,0.149841199013044
304268,Bacillus alkalitelluris,0.0073157075,0.00480176806770433
307643,Exiguobacterium profundum,0.0073039225,0.00454081058090862
308994,Dialister propionicifaciens,0.402654665,0.485922049505491
322095,Porphyromonas somerae,0.0132875,0.0134076107118308
334543,Psychrobacter arcticus,0.32228496,0.635650692996192
376806,Bacteroides gallinarum,0.0684429525,0.122358566180756
414778,Planococcus donghaensis,0.0032714725,0.0017241482360937
461393,Actinomyces massiliensis,0.0079725,0.00914789001172766
467976,Iamia majanohamensis,0.019967305,0.0160338931414707
470565,Prevotella histicola,0.010882515,0.0157325233771604
475255,Pedobacter nyackensis,0.2267601,0.252971952565668
544644,Butyricimonas synergistica,0.0480825,0.0855151687811389
588932,Brevundimonas naejangsanensis,0.005762485,0.00282214782287652
626933,Odoribacter laneus,0.46709062,0.450917700712008
633701,Prevotella saccharolytica,0.8270191275,1.1622068234837
659243,Bacillus siamensis,0.0038614425,0.00179340280452877
673862,Candidatus Babela massiliensis,0.022966745,0.0274040235663616
887349,Arthrobacter sp. KOPRI 25486,0.014728625,0.012517785933126
1144673,Acinetobacter sp. CIP 64.7,0.0086375575,0.00847560348701446
1156433,Streptococcus sp. I-P16,0.091973225,0.109915702999234
1226325,Clostridium sp. KLE 1755,3.0966625,4.87223067564454
1494461,Lactococcus laudensis,0.0647277625,0.106358098081952
1549858,Sphingomonas taxi,0.0610447025,0.100964202970125
1661032,Pseudomonas sp. NBRC 111117,0.065404275,0.0724638937639693
1665536,Lactococcus sp. LMG 28767,0.102577875,0.131615276467624
1676991,Clostridium sp. ATCC 25772,0.0139826425,0.0113677329605522
193,Azospirillum lipoferum,0.00383411666666667,0.00282909389918987
200,Campylobacter curvus,0.00248721,0.0004227441130282
210,Helicobacter pylori,0.10750652,0.154231650147365
296,Pseudomonas fragi,0.152826666666667,0.0920351336899846
301,Pseudomonas oleovorans,0.05421254,0.0807018917219956
303,Pseudomonas putida,0.184345993333333,0.313542216991187
329,Ralstonia pickettii,0.00591518666666667,0.00141317672094941
408,Methylobacterium extorquens,0.02237097,0.0165371215210114
654,Aeromonas veronii,0.00922433666666667,0.00670174821304362
727,Haemophilus influenzae,0.00797437,0.00811768183835139
735,Haemophilus parahaemolyticus,0.11456012,0.189383240531477
840,Prevotella loescheii,0.00924777666666667,0.00701396819093395
959,Bdellovibrio bacteriovorus,0.00338689,0.000733628508647258
1017,Capnocytophaga gingivalis,0.144111673333333,0.243542995157003
1252,Leuconostoc carnosum,0.10539,0.0534350474875806
1255,Pediococcus pentosaceus,0.00187490333333333,0.00164031305793539
1273,Micrococcus lylae,0.00337416,0.00174697477861015
1336,Streptococcus equi,0.00591167666666667,0.00343703776249743
1374,Planococcus kocurii,0.0355153166666667,0.0565545865066737
1454,Bacillus azotoformans,0.00287240666666667,0.000986148512970198
1455,Bacillus badius,0.00274445666666667,0.000935390329773263
1456,Bacillus benzoevorans,1.733745,0.798923208121406
1464,Paenibacillus larvae,0.00349986,0.000538459728392013
1571,Sporosarcina ureae,0.1550409,0.0994081898242293
1580,Lactobacillus brevis,0.0112333333333333,0.00909555019409674
1587,Lactobacillus helveticus,0.0102112733333333,0.00665568494754923
1622,Lactobacillus murinus,0.01719055,0.0219083654671931
1625,Lactobacillus sanfranciscensis,0.000643333333333333,0.000198578280114753
1626,Lactobacillus sharpeae,0.00285742666666667,0.000918917972635933
1632,Lactobacillus oris,0.379186666666667,0.143549025191164
1694,Bifidobacterium pseudolongum,0.00319006,0.00222620577245231
1861,Geodermatophilus obscurus,0.00373577,0.00118020614567964
2702,Gardnerella vaginalis,0.257285013333333,0.439507226558336
28031,Lysinibacillus fusiformis,0.0486844333333333,0.0395079037120844
28127,Prevotella buccalis,0.0142033333333333,0.0110928460429834
28129,Prevotella denticola,0.06672365,0.110604803536544
28130,Prevotella disiens,0.0127766666666667,0.0071046909386217
28141,Cronobacter sakazakii,1.03296,0.902436445241436
29533,Flavobacterium pectinovorum,0.063452,0.055200060124152
29542,Pelobacter acetylenicus,0.00464965,0.00182671396318636
33058,Thauera selenatis,0.00531493666666667,0.00538478607142692
33954,Clostridium magnum,0.0584275,0.0222386121437467
34059,Moraxella atlantae,0.01957367,0.0154802271126977
36745,Clostridium saccharoperbutylacetonicum,0.0800573466666667,0.0958198732807476
36841,Terrisporobacter glycolicus,0.00068,0.000486929152957594
41978,Ruminococcus sp.,0.515303333333333,0.290761896460546
42256,Rubrobacter radiotolerans,0.0537876733333333,0.0871064168963695
44009,Enterococcus dispar,0.0200083566666667,0.0148371881114864
45242,Capnocytophaga granulosa,0.0185719166666667,0.0127112388220359
52767,Actinomyces denticolens,0.00211700333333333,0.000368190251138366
53412,Pseudomonas resinovorans,0.0592296366666667,0.0939875162469103
57732,Enterococcus asini,0.0651424333333333,0.0441180350197437
58134,[Desulfotomaculum] guttoideum,0.00818859333333333,0.00354147907837013
58172,Paenibacillus sp.,0.00421902666666667,0.00200465165176729
61435,Dehalococcoides mccartyi,0.0313331666666667,0.0222025898008168
61624,Paenibacillus mucilaginosus,0.0100065266666667,0.00616346336101168
79880,Bacillus clausii,0.00925965333333333,0.00395846882854133
85643,Thauera sp. MZ1T,0.00571647,0.00275894745007947
86333,Mogibacterium vescum,0.05018298,0.0439127021490274
86664,Bacillus flexus,0.00338689,0.000733628508647258
86665,Bacillus halodurans,0.0193640066666667,0.0256879582771001
93063,Sphingomonas aquatilis,0.00417351666666667,0.000631827500535814
101564,Pseudomonas alcaliphila,0.02601009,0.0308160689124083
103892,Veillonella ratti,0.06611132,0.105861841094204
106648,Acinetobacter bereziniae,0.01163842,0.01196327364216
106654,Acinetobacter nosocomialis,0.00570858,0.00188549287996534
114702,Actinomyces lingnae,0.0142460233333333,0.00938997959692317
114975,Sporosarcina aquimarina,0.00319006,0.00222620577245231
120962,Roseiflexus castenholzii,0.00695477666666667,0.00571889796950718
137591,Weissella cibaria,0.02027712,0.0324855123413992
147206,Collinsella stercoris,0.0365233333333333,0.0155066093435455
151781,Lactobacillus intestinalis,0.00514579,0.00477313442250478
158787,Bifidobacterium scardovii,0.0044757,0.00220937388995163
166485,Caminicella sporogenes,0.0300627333333333,0.0292506119126307
166501,Thermobaculum terrenum,0.01080249,0.00921728524711588
180164,Blautia schinkii,0.00384874,0.00101310202640208
185300,Paludibacter propionicigenes,0.00387870333333333,0.00101070058040615
202269,bacterium YIM-kkny4,0.0180830266666667,0.021525640660016
204038,Dickeya dadantii,0.0596920333333333,0.0893081253999928
225991,Comamonas aquatica,0.00574481666666667,0.00197229694623638
228603,Prevotella shahii,0.155043946666667,0.247791274817901
246432,Staphylococcus equorum,0.06889,0.107217267732395
263475,Viridibacillus arvi,0.0210590666666667,0.00854039002700306
264697,Bacillus muralis,0.00417351666666667,0.000631827500535814
273168,Novosphingobium naphthalenivorans,0.0038491,0.0028136655593016
281920,Porphyromonas uenonis,0.00602424,0.00456835527655195
288965,[Clostridium] clariflavum,0.0252902233333333,0.0332855836565266
319054,Janibacter anophelis,0.00932359,0.0103278592597547
324767,Bacillus infantis,0.00222997333333333,0.000563621718560714
330214,Nitrospira defluvii,0.0082475,0.00547463042405604
358220,Acidovorax sp. KKS102,0.00568753333333333,0.00120814612780629
363832,Solirubrobacter soli,0.01996599,0.0234723160076951
371036,Bacillus acidiceler,0.0168268666666667,0.005010173384558
376805,Bacteroides salanitronis,0.03141,0.0218874096228859
421767,Bacillus butanolivorans,0.00569986333333333,0.00374259879044406
427918,Nitriliruptor alkaliphilus,0.18580358,0.301355422947172
430522,Pedobacter steynii,0.08567646,0.128166588494314
447455,candidate division TM7 single-cell isolate TM7b,0.01518,0.0136706583601522
455436,Glaciecola sp. HTCC2999,0.00661013,0.00158217497619574
465721,Steroidobacter denitrificans,0.119530166666667,0.113618521989521
467094,Ilumatobacter coccineus,0.01058635,0.00982236468486586
481743,Paenibacillus sp. Y412MC10,0.00381751333333333,0.00191716045291815
544645,Butyricimonas virosa,0.0626651333333333,0.0237843885068196
622695,Planococcus salinarum,0.00604748666666667,0.00241809506565258
626931,Bacteroides oleiciplenus,0.00250835666666667,0.00232543808983024
626937,Christensenella minuta,0.00735464333333333,0.00047674469586282
633404,Sporosarcina thermotolerans,0.00368395333333333,0.0017226309099843
652716,Prevotella sp. oral taxon 299,0.0458463366666667,0.064098241459552
658457,Pseudomonas composti,0.0222154933333333,0.0314047310380209
682179,Bacillus luteolus,0.0126996033333333,0.00379226536242301
691816,Bacteroides rodentium,0.00466699666666667,0.000810947921653008
741091,Rahnella sp. Y9602,0.0132364266666667,0.0130636800331083
796942,Stomatobaculum longum,0.00248333333333333,0.00226892779376809
882211,Pseudomonas deceptionensis,0.0258363833333333,0.0414506810307241
994617,Arthrobacter sp. KOPRI 25808,0.00274445666666667,0.000935390329773263
1113824,Brevundimonas sp. NBRC 101767,0.00473977666666667,0.00407401634206753
1122943,Pedobacter oryzae,0.0369047566666667,0.0538635464786291
1123067,Rubellimicrobium mesophilum,0.0194054833333333,0.0261125342984061
1124597,Magnetococcus marinus,0.00932162,0.0104239752626193
1148157,Acinetobacter oleivorans,0.0127888166666667,0.00990840043527881
1173263,Synechococcus sp. PCC 7502,0.0472834233333333,0.0693971064094537
1221450,Bacillus abyssalis,0.0457473,0.0199116878601489
1229909,Candidatus Nitrosopumilus sp. AR2,0.45452665,0.646686669136853
1277350,Geobacter sp. DSM 9736,0.00411232666666667,0.00299739584229933
1385386,Streptococcus sp. MR-1933,0.0103685366666667,0.0130617558890462
1550609,Rheinheimera japonica,0.00472078,0.000836080398466559
1671366,Ruminococcus sp. DSM 100440,0.0146532933333333,0.0183234954789318
1844653,Lysinibacillus sp. VKM B-713,0.00891990666666667,0.00225449264315352
103,Flectobacillus major,0.00466708,0.00387463403391856
199,Campylobacter concisus,0.0284997,0.0151465100957283
266,Paracoccus denitrificans,0.002846005,0.00129924507081997
414,Methylococcus capsulatus,0.002211855,0.000465990439869747
511,Alcaligenes faecalis,0.005421625,0.000479284047356054
545,Citrobacter koseri,0.07374,0.0822648029232429
587,Providencia rettgeri,0.00513,0.000806101730552664
638,Arsenophonus nasoniae,0.00731193,0.00174253738301363
644,Aeromonas hydrophila,0.003928135,0.00196119601295995
703,Plesiomonas shigelloides,0.63743932,0.891464622842727
732,Aggregatibacter aphrophilus,0.11652,0.143981082785205
824,Campylobacter gracilis,0.006419585,0.0009320445193498
827,Campylobacter ureolyticus,0.002132355,0.00230849857960753
833,Fibrobacter succinogenes,0.004979455,0.00296869589693017
852,Fusobacterium perfoetens,36.58055,36.4163527844978
984,Pedobacter heparinus,0.01524482,0.0115487225087799
991,Flavobacterium hydatis,0.04057102,0.0504446866428646
1019,Capnocytophaga sputigena,0.2063993,0.251849797991144
1231,Nitrosospira multiformis,0.006701725,0.00681562548716183
1267,Clostridium ventriculi,0.03821673,0.0460604690360161
1276,Kytococcus sedentarius,0.00647583,0.00383410267322094
1296,Staphylococcus sciuri,0.065590355,0.0874346656614643
1314,Streptococcus pyogenes,0.002211855,0.000465990439869747
1335,Streptococcus equinus,0.029485835,0.0383865149114432
1406,Paenibacillus polymyxa,0.002868475,0.00139459134919517
1418,Bacillus mannanilyticus,0.003809655,6.35618285608588e-05
1472,Paenibacillus pabuli,0.00350501,0.00223121887949166
1478,Bacillus simplex,0.003621105,0.00239540200301536
1488,Clostridium acetobutylicum,0.00637095,0.00146499797139791
1490,Paraclostridium bifermentans,0.00834933,0.00821370994385606
1503,[Clostridium] purinilyticum,0.001904825,3.17844498143353e-05
1507,Clostridium sp. ATCC 29733,0.0629035,0.0612333259304115
1520,Clostridium beijerinckii,0.01855228,0.0226428602100706
1561,Clostridium baratii,0.00636285,0.00101227992581104
1605,Lactobacillus animalis,0.004893745,0.00425875565066253
1630,Kandleria vitulina,0.312542705,0.431353938493106
1718,Corynebacterium glutamicum,0.008357575,0.00180868722239363
1767,Mycobacterium intracellulare,0.004480495,0.00367433189601184
1956,Streptomyces diastaticus,0.00238131,0.000705635999081679
2039,Tropheryma whipplei,0.027455,0.00210010714012405
2121,Mycoplasma orale,0.19326282,0.263304192455314
2350,Haliscomenobacter hydrossis,0.026883,0.0220460338024779
2738,Vagococcus fluvialis,0.00476262,0.00141125785602774
2748,Carnobacterium divergens,0.003482535,0.00226300332930599
2750,Carnobacterium mobile,0.00350501,0.00223121887949166
2756,Brochothrix thermosphacta,0.178836175,0.250250499228795
13160,Brevundimonas bullata,0.00597656,0.00485810642946406
13335,Anaerobiospirillum succiniciproducens,0.007724825,0.00232645909184967
13689,Sphingomonas paucimobilis,0.4498935,0.384847815408247
13690,Sphingobium yanoikuyae,0.012058085,0.0129793904459512
28131,Prevotella intermedia,0.004584755,0.00103259510363453
28137,Prevotella veroralis,0.02732973,0.0306639259824602
28212,Sphingomonas adhaesiva,0.005581245,0.000705020816182047
28447,Clavibacter michiganensis,0.0173232,0.000332340187157676
29369,Clostridium sardiniense,0.00332249,0.00062539352155263
29419,Helicobacter canis,0.01103122,0.00442094473306328
29448,Bradyrhizobium elkanii,0.009299355,0.000158964675478548
29539,Thermoleophilum album,0.01144447,0.00617421599701533
33034,Anaerococcus prevotii,0.194163385,0.26599039919316
33037,Anaerococcus vaginalis,0.0186205,0.00369873415103059
33069,Pseudomonas viridiflava,0.07614175,0.0825225433449854
33942,Brevibacillus thermoruber,0.003367435,0.000688955350113489
33998,Acidocella aminolytica,0.23862745,0.277405839144754
34028,Comamonas sp.,0.009005,0.00570635172417544
35519,Mogibacterium timidum,0.01962234,0.0169681020168786
35621,Streptomyces mobaraensis,0.004644605,0.00390641848373289
35825,Pseudobacteroides cellulosolvens,0.00657996,0.000707375481763399
36874,Porphyromonas cangingivalis,0.005694395,0.00272898669810793
37636,Thermus scotoductus,0.00341427,0.00210289314084192
37923,Kocuria kristinae,0.0037213,0.00166868715078651
37930,Glutamicibacter protophormiae,0.004979455,0.00296869589693017
38288,Corynebacterium genitalium,0.00620684,0.00123291138367686
39482,[Eubacterium] contortum,0.00818841,0.0043921089185265
39498,[Eubacterium] yurii,0.043643085,0.0584078898673497
40216,Acinetobacter radioresistens,0.011605585,0.0123394588089774
40543,Sneathia sanguinegens,5.804569,6.86746489950418
41114,Actinobacillus sp.,0.01015,0.00810344371239783
42471,Desulfotomaculum thermocisternum,0.00636285,0.00101227992581104
43131,Tissierella praeacuta,0.00642216,0.00156588796693761
43263,Pseudomonas alcaligenes,0.02150864,0.019635733059583
43992,Bradyrhizobium liaoningense,0.02756325,0.0189588763064956
44256,Caldanaerobius polysaccharolyticus,0.04996377,0.0594798849608319
45462,Brevibacillus borstelensis,0.00665566,0.00123566910012349
45670,Salinicoccus roseus,0.00223433,0.000434205990055411
47846,Brachybacterium conglomeratum,0.002211855,0.000465990439869747
48466,Prosthecobacter vanneervenii,0.00238131,0.000705635999081679
48467,Prosthecobacter debontii,0.00238131,0.000705635999081679
52769,Actinomyces gerencseriae,0.003153035,0.000865039080764563
53254,Bosea thiooxidans,0.004480495,0.00367433189601184
53437,Nocardiopsis alba,0.005035385,0.00352708397989756
53635,Acidimicrobium ferrooxidans,0.0127257,0.00202458813589332
54061,Ralstonia sp.,0.09421,0.12876414485407
55507,Schwartzia succinivorans,0.017922005,0.0146973487972508
59803,Sphingomonas echinoides,0.05543247,0.0717678451829355
59846,Paenibacillus chibensis,0.001904825,3.17844498143353e-05
66875,Streptomyces catenulae,0.00211241,0.000325353972159554
67576,Rheinheimera baltica,0.003482535,0.00226300332930599
68891,Streptococcus peroris,0.00112,2.82842712474618e-05
74311,Brevundimonas bacteroides,0.008185685,0.00750298984701765
74313,Brevundimonas subvibrioides,0.002403785,0.000673851549267344
75291,Pseudonocardia alaniniphila,0.004423715,0.000931973808671681
76517,Campylobacter hominis,0.015755,0.0215172593515066
77095,Prevotella bryantii,0.004480495,0.00367433189601184
77768,Prevotella albensis,0.011672125,0.00351456818987056
78259,Scardovia inopinata,0.005345,0.0053245140623347
78345,Bifidobacterium merycicum,0.0199669,0.0131476606466702
80866,Delftia acidovorans,0.072668855,0.0974451763627223
83771,Succinivibrio dextrinosolvens,0.04147295,0.0414554785499456
84022,Clostridium aceticum,0.00939207,0.00327168408160079
84031,Clostridium sartagoforme,0.1409162,0.101526108800052
85831,Bacteroides acidifaciens,0.04146925,0.0414607111401264
86265,Pseudomonas thivervalensis,0.01497542,0.0111677333750766
86667,Jeotgalibacillus marinus,0.00433109,0.00205176932056213
86668,Bacillus niacini,0.00860543,0.00418376697651769
118967,Anaerorhabdus furcosa,0.016265,0.00702991419720042
133453,Caldilinea aerophila,0.14883735,0.159908875163466
134605,Fusobacterium equinum,0.09691215,0.0543918556903972
135083,Selenomonas noxia,0.003367435,0.000688955350113489
136241,Mycoplasma haemocanis,0.00238131,0.000705635999081679
138595,Olsenella profusa,0.002325,0.00164755880016466
139808,Shimazuella kribbensis,0.00491622,0.00422697120084819
142596,Streptococcus pasteuri,0.006146015,0.00461846087025212
143361,Filifactor alocis,0.005198815,0.000164183123523705
147645,Paracoccus yeei,0.00608068,0.00141132856670585
150240,Gemella cuniculi,0.002211855,0.000465990439869747
155077,Cellvibrio japonicus,0.007134835,0.00290212886454926
157228,Jeotgalicoccus psychrophilus,0.003482535,0.00226300332930599
160791,Sphingomonas wittichii,0.00608068,0.00141132856670585
161879,Corynebacterium kroppenstedtii,0.003876175,0.00281969435599854
168384,Marvinbryantia formatexigens,0.05367,0.0728602827334619
170367,Paenibacillus anaericanus,0.006196775,0.00124714544318215
171291,Mycoplasma verecundum,0.08259082,0.106790349080358
171402,Paenibacillus sp. DSM 1474,0.001904825,3.17844498143353e-05
171686,Bacillus sp. LMG 20243,0.003367435,0.000688955350113489
173363,Brachybacterium fresconis,0.005035385,0.00352708397989756
173990,Rheinheimera pacifica,0.002211855,0.000465990439869747
182710,Oceanobacillus iheyensis,0.00860543,0.00418376697651769
187101,Sneathia amnii,3.931555,3.83821096361964
187303,Methylocystis sp. SC2,0.010777105,0.00991702411371728
191493,Corynebacterium sphenisci,0.002211855,0.000465990439869747
192066,Neisseria sp.,0.01396,0.00654780879378743
194867,Sphingomonas sp. ATCC 31555,0.01669866,0.0164274198877121
196024,Aeromonas dhakensis,0.0203659,0.0087802863233496
200616,Rhodoplanes cryptolactis,0.005261575,0.00477894582531022
206041,Flavobacterium gelidilacus,0.0235975,0.0133504588715145
209462,Bacillus pichinotyi,0.002403785,0.000673851549267344
216903,Chryseobacterium molle,0.003482535,0.00226300332930599
219742,Psychrobacter adeliensis,0.102806805,0.138536636341713
220684,Bacillus drentensis,0.00575943,0.00548301911840548
223967,Methylobacterium populi,0.00350501,0.00223121887949166
225324,Enhydrobacter aerosaccus,0.04744755,0.0430169117441617
225845,Brevibacterium celere,0.04701757,0.0564821764726697
228229,Lactobacillus saerimneri,0.047525,0.00440527524679219
229204,Flavobacterium frigoris,0.01494115,0.0184043631686891
234908,Sutterella stercoricanis,0.025899,0.0134374330056004
238012,Lactobacillus tucceti,0.003367435,0.000688955350113489
242750,Prevotella bergensis,0.004414705,0.00440485805379129
246618,Bifidobacterium thermacidophilum,0.001904825,3.17844498143353e-05
252966,Mahella australiensis,0.002403785,0.000673851549267344
266125,Phenylobacterium koreense,0.003981495,0.00155736733022431
269774,Atopococcus tabaci,0.003809655,6.35618285608588e-05
270350,Methylobacterium hispanicum,0.010777105,0.00991702411371728
272918,Nesterenkonia sandarakina,0.00481,0.0032083414561421
281714,Nocardioides alkalitolerans,0.00332249,0.00062539352155263
290400,Jannaschia sp. CCS1,0.15660015,0.201444610333076
304207,Lactobacillus harbinensis,0.003928135,0.00196119601295995
307480,Chryseobacterium vrystaatense,0.011106625,0.0130450948080591
334735,Sporosarcina koreensis,0.004263665,0.00195641597111913
343517,Paenibacillus barengoltzii,0.001904825,3.17844498143353e-05
349096,Pectinatus haikarae,0.442993855,0.621163813848539
349221,Micavibrio aeruginosavorus,0.00446866,0.000868411980110823
349931,Clostridium cavendishii,0.186219355,0.258029833476968
370977,Brevundimonas aveniformis,0.007079395,1.06773123959209e-06
390877,Nisaea denitrificans,0.01377782,0.0119398939801323
392409,Sphingomonas jaspsi,0.00680459,0.00102505027427927
395922,Coraliomargarita akajimensis,0.00665566,0.00123566910012349
417373,Lactobacillus equigenerosi,0.001904825,3.17844498143353e-05
421072,Epilithonimonas lactis,0.01171828,0.00858600166415078
425941,Prevotella nanceiensis,0.30765335,0.386567711232127
444923,Rhodoplanes piscinae,0.00763336,0.00219710804836722
449215,Bacillus longiquaesitum,0.03999577,0.0465518516803983
451374,Rudanella lutea,0.045755,0.0346752437571822
466153,Singulisphaera acidiphila,0.007087185,0.00594947624875081
470028,Devosia yakushimensis,0.002211855,0.000465990439869747
470765,Bacillus sp. YIM C579,0.00378718,0.00263026752038647
470832,Sporosarcina sp. YIM C303,0.00341427,0.00210289314084192
472056,Acidocella aluminiidurans,0.2650554,0.284748506671273
472181,Pseudomonas sabulinigri,0.02768227,0.0291379329801172
472963,Anaerobacillus alkalidiazotrophicus,0.001904825,3.17844498143353e-05
477641,Modestobacter marinus,0.0118498,0.00453821132165526
481720,Lactobacillus otakiensis,0.04074,0.000523259018078043
501496,Porphyromonas bennonis,0.002115,0.000261629509039023
553447,Methylobacterium soli,0.007793535,0.00694840599853305
556261,Clostridium sp. D5,0.47244,0.277567695886967
566027,Micrococcus yunnanensis,0.001904825,3.17844498143353e-05
589437,Prevotella scopos,0.00573696,0.00278918269839034
598660,Corynebacterium pyruviciproducens,0.04595685,0.0551357320242055
626947,Parasutterella secunda,0.04048029,0.043384974965905
633415,Aeromonas sanarellii,0.03847503,0.0508178834598392
639218,marine bacterium SIMO-4474,0.00382144,0.00274228737666204
665118,Vasilyevaea enhydra,0.00945909,0.00259509602909025
669462,Paenibacillus pinihumi,0.002846005,0.00129924507081997
670292,Microvirga aerilata,0.01068243,0.0115132116062287
671266,Enterorhabdus caecimuris,0.0446,0.0516753635691129
671267,Bacteroides sartorii,0.1817525,0.102365727392033
687525,Rubellimicrobium roseum,0.00382144,0.00274228737666204
694315,Kofleria flava,0.01090865,0.00320722422742782
792640,Paracoccus sp. MBIC3345,0.03909663,0.044816102522484
871324,Bacteroides stercorirosoris,0.06330186,0.082334297377698
871325,Bacteroides faecichinchillae,0.003153035,0.000865039080764563
871327,Parabacteroides chinchillae,0.00785972,0.00110461392929838
874454,Pseudoalteromonas arabiensis,0.059393545,0.0719119889002804
882157,Bacillus sp. IHB B 4043,0.003621105,0.00239540200301536
887352,Arthrobacter sp. KOPRI 25515,0.003391795,0.00213467759065626
908612,Alistipes sp. HGB5,6.717855,3.46096949585662
910311,Eggerthella sp. HGA1,0.74109,0.191328952853456
937251,Youngiibacter multivorans,0.004263665,0.00195641597111913
1078480,Haemophilus sputorum,0.04429568,0.0590495256316662
1113655,Psychrobacter sp. NBRC 15736,0.05941515,0.0813000971416701
1113670,Sporosarcina sp. NBRC 100704,0.003843915,0.00271050292684771
1113748,Bacillus sp. NBRC 101285,0.01287359,0.00434320541353963
1133319,Bacteroides reticulotermitis,0.00734673,0.0067958194262208
1144662,Acinetobacter sp. CIP 101966,0.004753215,0.00406001621874224
1146890,Paenibacillus sp. YIM 110206,0.0190258,0.00237602020614304
1202724,Flavobacterium akiainvivens,0.046094105,0.0570100528980289
1226322,Oscillibacter sp. KLE 1728,0.248035,0.0866276517631639
1288636,Ornithinimicrobium sp. CPCC 203535,0.005421675,0.00234330237537754
1355477,Bradyrhizobium diazoefficiens,0.01817117,0.0156872063670304
1365176,Thermofilum sp. 1910b,0.008961005,0.0073486708630915
1386898,Bacillus sp. KMM 6752,0.008085105,0.000785871405542917
1391911,Micrococcus aloeverae,0.00749189,0.000584423754650682
1484693,Rhodoferax saidenbachensis,0.002211855,0.000465990439869747
1519494,Nocardiopsis sp. NRRL B-16309,0.01195311,0.00971619871679249
1566358,Paenibacillus sp. IHBB 10380,0.002211855,0.000465990439869747
1766719,Caviibacter abscessus,0.02432275,0.00564532840895904
1817596,Nocardioides intraradicalis,0.009468515,0.005243882676076
19,Pelobacter carbinolicus,0.00288027,
69,Lysobacter enzymogenes,0.0212359,
108,Spirosoma linguale,0.0148137,
114,Gemmata obscuriglobus,0.0282353,
163,Treponema bryantii,0.0230421,
189,Novispirillum itersonii,0.00254136,
245,Flavobacterium aquatile,0.0406618,
246,Chryseobacterium balustinum,0.00254136,
247,Empedobacter brevis,0.0177895,
250,Chryseobacterium gleum,0.00508272,
253,Chryseobacterium indologenes,0.00508272,
254,Chryseobacterium indoltheticum,0.0304963,
305,Ralstonia solanacearum,0.00707864,
347,Xanthomonas oryzae,0.00941176,
361,Agrobacterium sp.,0.00109,
375,Bradyrhizobium japonicum,0.00188235,
381,Mesorhizobium loti,0.0131765,
405,Methylobacillus flagellatus,0.00254136,
406,Methylobacillus glycogenes,0.0101654,
470,Acinetobacter baumannii,0.0127068,
471,Acinetobacter calcoaceticus,0.00707864,
472,Acinetobacter sp.,0.00324,
478,Moraxella nonliquefaciens,0.00254136,
480,Moraxella catarrhalis,0.0228722,
484,Neisseria flavescens,0.00484,
486,Neisseria lactamica,0.00564706,
493,Neisseria canis,0.00254136,
495,Neisseria elongata,0.0115638,
502,Kingella denitrificans,0.0170882,
563,Shimwellia blattae,0.341763,
628,Xenorhabdus nematophila,0.00707864,
645,Aeromonas salmonicida,0.00254136,
659,Photobacterium phosphoreum,0.0170882,
663,Vibrio alginolyticus,0.113258,
738,[Haemophilus] parasuis,0.00854409,
782,Rickettsia prowazekii,0.00188235,
849,Fusobacterium gonidiaformans,0.07928,
878,Desulfovibrio fructosivorans,0.00376471,
894,Desulfobulbus propionicus,0.00376471,
915,Nitrosomonas europaea,0.00254136,
921,Starkeya novella,0.0158103,
931,Thiobacillus thioparus,0.00376471,
948,Anaplasma phagocytophilum,0.00188235,
998,Flexibacter flexilis,0.00707864,
1010,Sphingobacterium mizutaii,0.00188235,
1015,Bergeyella zoohelcum,0.0566292,
1108,Chloroflexus aurantiacus,0.00188235,
1223,Prochlorothrix hollandica,0.00508272,
1285,Staphylococcus intermedius,0.0283146,
1299,Deinococcus radiodurans,0.00376471,
1310,Streptococcus sobrinus,0.00068,
1317,Streptococcus downei,0.00531491,
1323,Faecalicoccus pleomorphus,0.00490124,
1341,Streptococcus ratti,0.0019273,
1353,Enterococcus gallinarum,0.00921,
1355,Enterococcus columbae,0.00490124,
1393,Brevibacillus brevis,0.00288027,
1397,Bacillus circulans,0.0019273,
1398,Bacillus coagulans,0.0038546,
1458,Bacillus fastidiosus,0.00288027,
1462,Geobacillus kaustophilus,0.0141573,
1473,Virgibacillus pantothenticus,0.00288027,
1479,Bacillus smithii,0.0019273,
1482,Virgibacillus halodenitrificans,0.00531491,
1491,Clostridium botulinum,0.00707864,
1498,Hathewaya histolytica,0.0849437,
1504,Clostridium septicum,0.0212359,
1523,Clostridium longisporum,0.00188235,
1525,Moorella thermoacetica,0.0141603,
1529,Clostridium cadaveris,0.0117123,
1540,Clostridioides mangenotii,0.0158103,
1541,Terrisporobacter mayombei,0.0160051,
1544,[Clostridium] oroticum,0.00770921,
1563,Desulfosporosinus orientis,0.00188235,
1631,Fructobacillus fructosus,0.00254136,
1646,Renibacterium salmoninarum,0.00254136,
1648,Erysipelothrix rhusiopathiae,0.00508272,
1658,Actinomyces bovis,0.00188235,
1661,Trueperella pyogenes,0.00508272,
1698,Brevibacterium epidermidis,0.00490124,
1701,Brevibacterium sp.,0.02919,
1708,Cellulomonas fimi,0.00254136,
1717,Corynebacterium diphtheriae,0.00607977,
1724,Corynebacterium renale,0.00533504,
1725,Corynebacterium xerosis,0.00254136,
1727,Corynebacterium variabile,0.01267,
1732,Eubacterium oxidoreducens,0.00564706,
1737,[Eubacterium] tenue,0.00707864,
1795,Mycobacterium neoaurum,0.00941176,
1810,Mycobacterium vaccae,0.00376471,
1824,Nocardia asteroides,0.00254136,
1828,Rhodococcus fascians,0.00941176,
1843,Nocardioides jensenii,0.00376471,
1852,Saccharomonospora viridis,0.00941176,
1896,Streptomyces bikiniensis,0.00376471,
1911,Streptomyces griseus,0.00376471,
2014,Nocardiopsis dassonvillei,0.00254136,
2021,Thermobifida fusca,0.0527059,
2041,Aeromicrobium erythreum,0.00254136,
2051,Mobiluncus curtisii,0.00614,
2055,Gordonia terrae,0.00707864,
2074,Pseudonocardia autotrophica,0.00188235,
2111,Mycoplasma arthritidis,0.0158103,
2115,Mycoplasma fermentans,0.00188235,
2124,Mycoplasma salivarium,0.0316206,
2358,Desulfomonile tiedjei,0.00288027,
2426,Teredinibacter turnerae,0.00607977,
2736,Verrucomicrobium spinosum,0.00188235,
2739,Vagococcus salmoninarum,0.00508272,
2743,Marinobacter hydrocarbonoclasticus,0.00254136,
2746,Halomonas elongata,0.00254136,
2749,Carnobacterium gallinarum,0.00762408,
2757,Brochothrix campestris,0.665837,
13076,Globicatella sanguinis,0.0019273,
28049,Acidothermus cellulolyticus,0.00188235,
28080,Campylobacter upsaliensis,0.0212359,
28095,Burkholderia gladioli,0.00918695,
28112,Tannerella forsythia,0.376716,
28119,Bacteroides zoogleoformans,0.104196,
28126,Prevotella buccae,0.0134911,
28128,Prevotella corporis,0.00762408,
28136,Prevotella oulorum,0.00188235,
28158,Bisgaard Taxon 3,0.00376471,
28189,Capnocytophaga cynodegmi,0.00254136,
28197,Arcobacter butzleri,0.00490124,
28213,Sphingomonas parapaucimobilis,0.00254136,
28214,Sphingomonas sp.,0.00188235,
28258,Cobetia marina,0.0141573,
28448,Komagataeibacter xylinus,0.00790514,
28449,Neisseria subflava,0.02716,
28454,Sphingobacterium multivorum,0.00376471,
29299,Nocardioides plantarum,0.00188235,
29356,Clostridium chartatabidum,0.00576053,
29401,Pseudonocardia halophobica,0.00188235,
29432,Psychrobacter phenylpyruvicus,0.0177895,
29435,Pseudomonas flavescens,0.0101654,
29449,Rhizobium etli,0.00707864,
29461,Brucella suis,0.00490124,
29486,Yersinia ruckeri,0.00607977,
29501,Mycoplasma haemofelis,0.00531491,
29534,Flavobacterium saccharophilum,0.0381204,
29536,Flavobacterium succinicans,0.0432031,
29543,Pelobacter propionicus,0.0547251,
29549,Rhodothermus marinus,0.00376471,
29552,Acholeplasma axanthum,0.00188235,
29581,Janthinobacterium lividum,0.00707864,
31943,Brevibacterium iodinum,0.00188235,
32013,Comamonas terrigena,0.0778651,
33029,Anaerococcus hydrogenalis,0.0101654,
33051,Sphingomonas sanguinis,0.0148137,
33052,Sphingopyxis terrae,0.00508272,
33905,Bifidobacterium thermophilum,0.00188235,
33922,Mycoplasma agassizii,0.00790514,
33940,Geobacillus thermodenitrificans,0.0212359,
33945,Enterococcus avium,0.05209,
34003,Paracoccus aminophilus,0.0019273,
34004,Paracoccus aminovorans,0.127416,
34018,Rhodospirillum centenum,0.00376471,
34073,Variovorax paradoxus,0.00188235,
34085,Riemerella anatipestifer,0.0141573,
34087,Sphingobacterium faecium,0.0508272,
35518,[Eubacterium] nodatum,0.00707864,
35554,Geobacter sulfurreducens,0.00188235,
35701,Heliobacterium modesticaldum,0.00707864,
35785,Clostridium maximum,0.00188235,
35818,Helicobacter pullorum,0.00790514,
36740,Dermabacter hominis,0.00254136,
36842,Clostridium halophilum,0.00578191,
36848,Oxalophagus oxalicus,0.00752941,
36849,Oxobacter pfennigii,0.00288027,
36875,Porphyromonas canoris,0.00254136,
37658,[Clostridium] populeti,0.00490124,
37922,Nesterenkonia halobia,0.0304963,
38286,Corynebacterium afermentans,0.00576053,
38289,Corynebacterium jeikeium,0.00707864,
38301,Corynebacterium minutissimum,0.0019273,
38303,Corynebacterium pseudogenitalium,0.00288027,
38502,Blastococcus aggregatus,0.00752941,
38875,Bacillus oleronius,0.0019273,
39122,Skermania piniformis,0.00707864,
39489,Clostridium moniliforme,0.00564706,
39494,[Eubacterium] tortuosum,0.00585274,
39497,Eubacterium xylanophilum,0.099101,
39950,Dialister pneumosintes,0.0784198,
40682,Sphingomonas mali,0.00564706,
40683,Sphingomonas pruni,0.00762408,
40988,Saccharomonospora azurea,0.00376471,
41170,Exiguobacterium acetylicum,0.00254136,
41315,Yersinia sp.,0.00177,
42565,Halomonas salina,0.0533686,
43305,Butyrivibrio proteoclasticus,0.0283146,
43669,Brachybacterium faecium,0.00188235,
43767,Rhodococcus equi,0.0019273,
43769,Corynebacterium propinquum,0.0011,
43771,Corynebacterium urealyticum,0.0364786,
43990,Corynebacterium segmentosum,0.00740686,
44251,Paenibacillus durus,0.00188235,
44252,Paenibacillus macerans,0.0141573,
44737,Capnocytophaga sp.,0.0729129,
44933,Halomonas cupida,0.00762408,
45610,Psychrobacter urativorans,0.0787822,
45611,Psychrobacter frigidicola,0.00254136,
46206,Pseudobutyrivibrio ruminis,0.00707864,
46240,Paenibacillus apiarius,0.00188235,
46429,Sphingobium chlorophenolicum,0.00254136,
46609,Clostridium pascui,0.0115211,
46867,Clostridium chauvoei,0.00707864,
46914,Devosia riboflavina,0.00707864,
47293,Mobiluncus sp.,0.00449,
47312,Tsukamurella pulmonis,0.00707864,
47478,Deinococcus sp.,0.00682,
47497,Pedomicrobium ferrugineum,0.00376471,
47498,Pedomicrobium manganicum,0.00941176,
47679,Sporomusa sphaeroides,0.00707864,
47885,Pseudomonas oryzihabitans,0.0150588,
47886,Pseudomonas luteola,0.00707864,
48076,Marinobacterium georgiense,0.00707864,
48296,Acinetobacter pittii,0.00564706,
48935,Novosphingobium aromaticivorans,0.0212359,
51663,Pediococcus damnosus,0.00564706,
51665,Aerococcus urinaeequi,0.00254136,
52133,Acinetobacter venetianus,0.0330377,
52227,Prevotella dentalis,0.00740686,
52584,Brachyspira pilosicoli,0.12772,
52694,Acetobacterium wieringae,0.00707864,
52773,Actinomyces meyeri,0.0019273,
52787,Anaerofilum pentosovorans,0.0259224,
53346,Enterococcus mundtii,0.00288027,
53408,Pseudomonas citronellolis,0.00254136,
53440,Nocardiopsis listeri,0.0244706,
53441,Nocardiopsis lucentensis,0.00376471,
53461,Nakamurella multipartita,0.00188235,
53462,Mycobacterium mageritense,0.00376471,
53522,Thermobifida alba,0.00376471,
54005,Peptoniphilus harei,0.00165,
54291,Raoultella ornithinolytica,0.01238,
54308,Pleurocapsa minor,0.0019273,
55205,Caldicellulosiruptor owensensis,0.0106701,
55508,Janthinobacterium agaricidamnosum,0.396452,
56810,Psychrobacter glacincola,0.0482859,
57498,Deinococcus grandis,0.00376471,
57666,Sulfurospirillum arcachonense,0.00790514,
57704,Tsukamurella tyrosinosolvens,0.0283146,
59505,Actinotignum schaalii,0.02349,
59733,Chryseobacterium scophthalmum,0.00508272,
59842,Paenibacillus chondroitinus,0.00188235,
60133,Prevotella pallens,0.00980248,
60478,Shewanella amazonensis,0.0121595,
60547,Paraburkholderia glathei,0.00188235,
60912,Pseudonocardia sp.,0.00188235,
60920,Sanguibacter keddieii,0.00508272,
61305,Nocardiopsis synnemataformans,0.00254136,
61635,Acholeplasma brassicae,0.079037,
61648,Kluyvera intermedia,0.0353932,
62322,Shewanella baltica,0.00707864,
66219,Lachnoclostridium phytofermentans,0.00254136,
66228,Actinomyces europaeus,0.0019273,
67260,Streptomyces cinereoruber,0.00376471,
67304,Streptomyces griseorubiginosus,0.00376471,
68569,Sphingomonas leidyi,0.0141573,
68909,Deinococcus geothermalis,0.00490124,
69373,Curtobacterium pusillum,0.00188235,
69396,Caulobacter fusiformis,0.099101,
69710,Treponema vincentii,0.00707864,
69824,[Clostridium] cocleatum,0.0201619,
70169,Dietzia sp. CIP104289,0.00508272,
70856,Aeromonas popoffii,0.00531491,
71657,Lonsdalea quercina,0.00254136,
71999,Kocuria palustris,0.0038546,
72000,Kocuria rhizophila,0.0038546,
72022,Methylarcula marina,0.00254136,
72026,Helcococcus ovis,0.00254136,
75658,Campylobacter lanienae,0.00254136,
76123,Prevotella enoeca,0.00752941,
76124,[Eubacterium] minutum,0.00576053,
76726,Pseudonocardia hydrocarbonoxydans,0.00254136,
76759,Pseudomonas monteilii,0.193143,
76832,Myroides odoratimimus,1.36979,
76848,Sphingomonas roseiflava,0.00707864,
76891,Asticcacaulis biprosthecium,0.0495505,
77098,Halomonas pacifica,0.259219,
78342,Bifidobacterium gallicum,0.0019273,
78343,Bifidobacterium boum,0.0019273,
79263,Paenibacillus chitinolyticus,0.00188235,
80869,Acidovorax citrulli,0.00762408,
80871,Cryptosporangium arvum,0.0169412,
80872,Cryptosporangium japonicum,0.00376471,
81028,Treponema brennaborense,0.00576053,
81037,Pseudoalteromonas elyakovii,0.0212359,
81396,Paracoccus sp. MBIC3024,0.00752941,
81467,Aminobacterium mobile,0.00376471,
81468,Aminobacterium colombiense,0.00941176,
81475,Frateuria aurantia,0.0353932,
81857,Lactobacillus selangorensis,0.00288027,
82135,Atopobium vaginae,0.18019,
82348,Streptococcus pluranimalium,0.00254136,
82688,Lactobacillus nagelii,0.00288027,
82803,Trichococcus flocculiformis,0.0353932,
82806,Streptococcus ovis,0.00188235,
82979,Budvicia aquatica,0.00707864,
83661,Desulfonispora thiosulfatigenes,0.0283146,
84032,[Clostridium] thermosuccinogenes,0.00188235,
84037,Syntrophococcus sucromutans,0.00708015,
84109,Slackia exigua,0.0373453,
84163,Cryptobacterium curtum,0.01194,
85874,Thermacetogenium phaeum,0.00188235,
85993,Hydrogenophilus hirschii,0.00576053,
86102,Idiomarina abyssalis,0.0127068,
86103,Idiomarina zobellii,0.00508272,
86177,Pseudomonas halophila,0.00484661,
86185,Pseudomonas lundensis,0.0432031,
86332,Mogibacterium pumilum,0.00254136,
86663,Bacillus carboniphilus,0.0019273,
88058,Treponema primitia,0.00288027,
89059,Lactobacillus acidipiscis,0.0019273,
89093,Ignavigranum ruoffiae,0.00288027,
89767,Paracoccus sp. MBIC1145,0.00188235,
90245,Oligella urethralis,0.00531491,
90742,Paracoccus sp. MBIC4017,0.00941176,
92835,Microbacterium ketosireducens,0.00707864,
93220,Pandoraea pnomenusa,0.00707864,
94254,Dyadobacter fermentans,0.00254136,
94869,Clostridium gasigenes,0.00707864,
96345,Flavobacterium psychrophilum,0.00254136,
96565,Lactobacillus hamsteri,0.00254136,
97084,Halobacteriovorax marinus,0.00531491,
97253,Eubacterium plexicaudatum,0.0019273,
98672,Arthrobacter luteolus,0.0283146,
99286,Flavobacterium frigidarium,0.0864063,
99374,marine bacillus NRRLB-14905,0.00288027,
99653,Rhodococcus koreensis,0.00188235,
99807,Corynebacterium auriscanis,0.0038546,
100176,Papillibacter cinnamivorans,0.00752941,
101383,Cryomorpha ignava,0.00254136,
103621,Actinomyces urogenitalis,0.00980248,
103810,Riemerella columbina,0.00708015,
104099,Acetobacter orleanensis,0.00254136,
104102,Acetobacter tropicalis,0.00254136,
104608,Leptotrichia sp.,0.00012,
104623,Serratia sp. ATCC 39006,0.0141603,
104955,Lactobacillus frumenti,0.0112941,
105612,Lactobacillus algidus,0.0141573,
107709,Opitutus terrae,0.0019273,
108819,Coprothermobacter platensis,0.00188235,
108980,Acinetobacter ursingii,0.00980248,
110099,Thermoactinomyces sanguinis,0.00707864,
112002,Psychrobacter pacificensis,0.0127068,
113287,Pseudoramibacter alactolyticus,0.00740686,
113569,Cryptosporangium minutisporangium,0.00376471,
115551,Halomonas neptunia,0.00254136,
117207,Sphingopyxis alaskensis,0.00254136,
118675,Chroococcidiopsis sp. PCC 6712,0.00707864,
118999,Methylobacterium sp. LMG 19419,0.00254136,
121039,Ferrimicrobium acidiphilum,0.00288027,
121163,Actinomyces suimastitidis,0.00707864,
121428,Sphingobium xenophagum,0.00578191,
124252,Nocardiopsis halotolerans,0.00254136,
126569,Paenibacillus glycanilyticus,0.00288027,
128780,Stenotrophomonas acidaminiphila,0.00254136,
131568,Kineococcus radiotolerans,0.00490124,
134849,Cryptosporangium aurantiacum,0.00707864,
135577,Idiomarina loihiensis,0.00762408,
135719,Sphingobium amiense,0.00188235,
136996,Bradyrhizobium lupini,0.00146,
138336,Blastococcus saxobsidens,0.00188235,
140314,Trichococcus palustris,0.00564706,
147802,Lactobacillus iners,0.00707864,
149015,Streptococcus hyovaginalis,0.00508272,
149017,Arcanobacterium hippocoleae,0.00188235,
150172,Flavobacterium tegetincola,0.00254136,
151276,Bacteroides coprosuis,0.00707864,
152297,Pseudoalteromonas issachenkonii,0.0275609,
153494,Rarobacter incanus,0.00288027,
154108,Psychrobacter submarinus,0.091489,
155680,Streptococcus entericus,0.00188235,
155892,Caulobacter vibrioides,0.00707864,
156456,Anaeroglobus geminatus,0.00576053,
157268,Helicobacter winghamensis,0.0495505,
157688,Leptotrichia hofstadii,0.079037,
157733,Anaerobacillus macyae,0.00188235,
157782,Pseudomonas parafulva,0.0609927,
161493,Anaeromyxobacter dehalogenans,0.00490124,
161896,Corynebacterium camporealensis,0.00533504,
163011,Pseudomonas lini,0.00762408,
163202,Corynebacterium appendicis,0.00188235,
164393,Lactobacillus fuchuensis,0.00188235,
167642,Ilyobacter polytropus,0.00707864,
168810,Corynebacterium crenatum,0.00756,
169292,Corynebacterium aurimucosum,0.00188235,
169433,alpha proteobacterium LMG 20591,0.00564706,
171284,Mycoplasma cynos,0.00707864,
171288,Mycoplasma molare,0.00288027,
171685,Bacillus murimartini,0.0150588,
171690,Nocardioides sp. LMG 20237,0.00188235,
171692,Virgibacillus carmonensis,0.00188235,
172042,Rothia aeria,0.07633,
173362,Brachybacterium paraconglomeratum,0.00188235,
178356,Flavobacterium xinjiangense,0.0228722,
178900,Acetobacter cerevisiae,0.00254136,
179628,Clostridium colicanis,0.0141573,
180282,Delftia tsuruhatensis,0.00254136,
180332,Robinsoniella peoriensis,0.0141573,
180441,Flavobacterium limicola,0.00254136,
180915,Cellvibrio vulgaris,0.00254136,
180916,Cellvibrio fulvus,0.00254136,
182262,Agarivorans albus,0.00854409,
184607,Crocinitomix catalasitica,0.00188235,
184870,Varibaculum cambriense,0.0121595,
186651,Microvirga subterranea,0.0150588,
187868,Acidovorax valerianellae,0.00254136,
189425,Paenibacillus graminis,0.00188235,
189691,Paenibacillus elgii,0.00188235,
191295,Alcaligenes sp. VKM B-2263,0.00762408,
191495,Conexibacter woesei,0.00188235,
191577,Epilithonimonas tenax,0.00254136,
191579,Fluviicola taffensis,0.00707864,
192843,Rhodoferax ferrireducens,0.00188235,
192994,Thermoleophilum minutum,0.00376471,
194326,Lactobacillus versmoldensis,0.0141573,
194702,Cardiobacterium valvarum,0.03205,
195064,Ectothiorhodospira mobilis,0.00188235,
195749,Promicromonospora aerolata,0.00188235,
196162,Nocardioides sp. JS614,0.00941176,
198092,Roseomonas rosea,0.00707864,
198312,Porphyrobacter sanguineus,0.0141573,
202261,Virgibacillus kekensis,0.00188235,
202267,Halomonas sp. YIM-kkny11,0.00254136,
202952,Acinetobacter gerneri,0.00254136,
202954,Acinetobacter tandoii,0.00376471,
206506,Kerstersia gyiorum,0.00376471,
208480,Actinomyces nasicola,0.00707864,
209458,Bacillus arbutinivorans,0.00490124,
215591,Treponema caldarium,0.0019273,
216465,Polaromonas naphthalenivorans,0.00254136,
216778,Stenotrophomonas rhizophila,0.0381204,
216936,Spiroplasma diminutum,0.0172816,
217168,Microvirga flocculans,0.00564706,
219748,Clostridium tunisiense,0.0086408,
220378,Nocardiopsis aegyptia,0.00188235,
220685,Bacillus bataviensis,0.00188235,
220697,Thalassospira xiamenensis,0.00508272,
225195,Pelobacter massiliensis,0.00288027,
225762,Nocardiopsis alkaliphila,0.00564706,
227942,Lactobacillus gastricus,0.01574,
227945,Lactobacillus ultunensis,0.1423,
229480,Arsenicicoccus bolidensis,0.00288027,
232721,Acidovorax sp. JS42,0.00254136,
238015,Lactobacillus vini,0.00707864,
239984,Nocardiopsis ganjiahuensis,0.00376471,
240495,Pseudonocardia dioxanivorans,0.00188235,
240521,Rhizobium daejeonense,0.0141573,
245837,Nocardiopsis sp. YIM 90039,0.00188235,
249188,Haemophilus pittmaniae,0.2854,
249351,Flavobacterium psychrolimnae,0.00508272,
249352,Flavobacterium fryxellicola,0.027955,
253239,Ethanoligenens harbinense,0.0212359,
253245,Owenweeksia hongkongensis,0.00707864,
254784,Alkalibacterium psychrotolerans,0.00254136,
255723,Slackia faecicanis,0.0144013,
256325,Psychrobacter maritimus,0.0533686,
256466,Pseudomonas japonica,0.00854409,
256702,Glutamicibacter bergerei,0.00188235,
256847,Lentisphaera araneosa,0.00707864,
257708,Roseomonas gilardii,0.00188235,
262209,Janibacter melonis,0.00564706,
266128,Stenotrophomonas koreensis,0.00508272,
266748,Chryseobacterium antarcticum,0.00188235,
268410,Rhodovarius lipocyclicus,0.148652,
269144,Nesterenkonia aethiopica,0.0330377,
270496,Desulfovibrio putealis,0.00376471,
270914,Myroides pelagicus,0.00254136,
271155,Flavobacterium antarcticum,0.0330377,
271157,Flavobacterium segetis,0.00254136,
273528,Exiguobacterium marinum,0.00288027,
279360,Roseivirga ehrenbergii,0.0141573,
280239,Nocardiopsis chromatogenes,0.00376471,
281473,Jiangella gansuensis,0.00752941,
281738,Psychrobacter nivimaris,0.00762408,
282125,Sutterella sanguinus,0.00980248,
282402,Prevotella multiformis,0.0121521,
282685,Nocardia jiangxiensis,0.00254136,
283878,Leucobacter aridicollis,0.00254136,
284016,Phenylobacterium zucineum,0.00288027,
286727,Azospirillum oryzae,0.00188235,
288995,Devosia limi,0.00508272,
290053,Bacteroides helcogenes,0.00254136,
290306,Paracoccus koreensis,0.00188235,
290399,Arthrobacter sp. FB24,0.00188235,
290589,Alkalibacterium iburiense,0.0152482,
294710,Proteiniphilum acetatigenes,0.00508272,
297244,Chryseobacterium shigense,0.0101654,
299567,Adhaeribacter aquaticus,0.00376471,
302044,Nesterenkonia halophila,0.00707864,
303241,Lactobacillus oeni,0.00707864,
308892,Bacillus boroniphilus,0.00490124,
309120,Dialister micraerophilus,0.0263529,
310400,Sphingomonas yunnanensis,0.00508272,
311333,Chryseobacterium soldanellicola,0.0381204,
314319,Prolixibacter bellariivorans,0.00740686,
315478,Methylobacterium isbiliense,0.00288027,
316277,Syntrophus aciditrophicus,0.00752941,
319653,Pediococcus ethanolidurans,0.00376471,
324079,Spiroplasma tabanidicola,0.00707864,
324768,Bacillus idriensis,0.0038546,
326522,Neisseria animaloris,0.155023,
327691,Sphingomonas rhizogenes,0.00707864,
327855,Sphingomonas sp. ORS 1497,0.00188235,
334542,Rhodococcus qingshengii,0.00254136,
336989,Pontibacter roseus,0.00578191,
339862,Desulfosporosinus youngiae,0.0527059,
341220,Lactonifactor longoviformis,0.00707864,
347481,Asticcacaulis benevestitus,0.0019273,
348442,Georgenia ruanii,0.00752941,
349106,Psychrobacter sp. PRwf-1,0.210933,
351052,Alkalilimnicola ehrlichii,0.00254136,
351604,Geobacter uraniireducens,0.00288027,
356829,Bifidobacterium tsurumiense,0.00188235,
357808,Roseiflexus sp. RS-1,0.0121521,
362413,Flavobacterium aquidurense,0.121985,
363277,Ktedonobacter racemifer,0.00188235,
367279,Pseudonocardia ailaonensis,0.00188235,
370405,Gallionella capsiferriformans,0.00376471,
370979,Flavobacterium defluvii,0.00508272,
372655,Nocardiopsis terrae,0.00188235,
373672,Chryseobacterium gambrini,0.00508272,
379597,Halomonas sinaiensis,0.00762408,
383631,Methylophilales bacterium HTCC2181,0.00288027,
390842,Lactobacillus parafarraginis,0.00482,
392015,Alicyclobacillus macrosporangiidus,0.00707864,
392333,Geoalkalibacter ferrihydriticus,0.00564706,
392413,Deinococcus misasensis,0.0283146,
392566,Lactobacillus aquaticus,0.00607977,
392589,Perlucidibaca piscinae,0.0203309,
393921,Porphyromonas crevioricanis,0.0152482,
400092,Pontibacter korlensis,0.0019273,
402650,Actinomycetospora chiangmaiensis,0.00762408,
404900,Geminicoccus roseus,0.00752941,
405446,Stenotrophomonas terrae,0.00254136,
407019,Sphingomonas astaxanthinifaciens,0.0150588,
407188,Pelobacter seleniigenes,0.00288027,
407975,Prevotella pleuritidis,0.00012,
408657,Dyadobacter koreensis,0.00254136,
412020,Pseudonocardia sp. YIM 45517,0.00188235,
413479,Solimonas soli,0.00376471,
413889,Caldicellulosiruptor kronotskyensis,0.00288027,
416016,Flavobacterium cucumis,0.0127068,
416273,Natronomonas moolapensis,0.00707864,
417621,Kaistella flava,0.00707864,
417948,Brevibacterium album,0.0131765,
421525,Chryseobacterium haifense,0.226517,
421628,Ectothiorhodospira haloalkaliphila,0.00508272,
426226,Flavobacterium subsaxonicum,0.0381204,
427683,Methylobacterium platani,0.00254136,
427920,Bacillus alkalinitrilicus,0.00288027,
431269,Mycobacterium setense,0.00376471,
431554,Spirosoma spitsbergense,0.00508272,
432329,Deinococcus peraridilitoris,0.00188235,
433660,Nocardioides halotolerans,0.00564706,
436516,Lysinibacillus parviboronicapiens,0.00490124,
439219,Streptococcus henryi,0.00288027,
443143,Geobacter sp. M18,0.00254136,
445961,Chryseobacterium soli,0.00254136,
447567,Halomonas andesensis,0.00508272,
452084,Chryseobacterium aquaticum,0.00762408,
452529,Streptomyces scopuliridis,0.00188235,
452982,Roseomonas aerilata,0.00564706,
453816,Bdellovibrio exovorus,0.00254136,
454171,Chthonomonas calidirosea,0.0112941,
457392,Bacteroides sp. 3_2_5,0.0912,
457502,Polaromonas jejuensis,0.00254136,
458033,Chloracidobacterium thermophilum,0.00188235,
460086,Kribbella catacumbae,0.00707864,
464136,Cryptosporangium sp. HBUM 83975,0.00188235,
468056,Flavobacterium fluvii,0.00254136,
469592,Bacteroides sp. 3_1_19,0.34112,
470784,Halomonas sediminis,0.00254136,
470801,Microbulbifer sp. YIM C306,0.00707864,
470861,Virgibacillus sp. YIM C826,0.0019273,
472113,Geofilum rubicundum,0.00707864,
475254,Pedobacter borealis,0.0424719,
479117,Brevibacterium ravenspurgense,0.00576053,
480224,Chloroflexus sp. Y-400-fl,0.00376471,
487316,Acinetobacter soli,0.00508272,
487698,Stenotrophomonas pavanii,0.00254136,
488447,Burkholderia contaminans,0.00254136,
491918,Leucobacter chironomi,0.00188235,
496058,Spirosoma panaciterrae,0.00508272,
502394,Deinococcus gobiensis,0.00941176,
502558,Eggerthella sp. YY7918,0.0637078,
504487,Jejuia pallidilutea,0.00707864,
510946,Flavobacterium cauense,0.00254136,
515814,Nesterenkonia alba,0.00508272,
518643,Bifidobacterium mongoliense,0.0038546,
519472,Vagococcus teuberi,0.00607977,
521157,Weissella sp. KLDS 7.0701,0.00254136,
521467,Bacillus sp. CCBAU 10792,0.00188235,
525640,Paracoccus chinensis,0.00564706,
529703,Adhaeribacter terreus,0.0019273,
529705,Sphingomonas changbaiensis,0.00707864,
531844,Flavobacteriaceae bacterium 3519-10,0.0101654,
544581,Actinomyces johnsonii,0.01373,
545533,Alishewanella jeotgali,0.891135,
551459,Chryseobacterium piscicola,0.00254136,
552810,Dehalogenimonas lykanthroporepellens,0.00564706,
554283,Flavobacterium chungangense,0.00254136,
555313,Phocaeicola abscessus,0.00490124,
556259,Bacteroides sp. D2,0.56016,
566023,Pseudonocardia sp. YIM 61043,0.00376471,
570519,Spongiibacterium flavum,0.0170882,
571800,Psychrobacter sp. G,0.299881,
572036,Pedobacter luteus,0.162809,
574650,Micrococcus terreus,0.00376471,
589436,Prevotella fusca,0.00288027,
589537,Prevotella dentasini,0.00188235,
591197,Ignavibacterium album,0.0112941,
592978,Ruminococcus faecis,0.00188235,
595693,Naxibacter sp. BUZ1,0.0424719,
614671,Sphingosinicella vermicomposti,0.00969321,
633417,Aeromonas taiwanensis,0.00508272,
652708,Bacteroidetes oral taxon 274,0.00035,
653930,Pseudomonas bauzanensis,0.00254136,
665913,Pantoea calida,0.00254136,
670291,Microvirga aerophila,0.0112941,
670293,Segetibacter aerophilus,0.00188235,
671224,Selenomonas artemidis,0.00288027,
673548,Comamonas terrae,0.00762408,
676599,Stenotrophomonas panacihumi,0.00508272,
679249,Lactobacillus floricola,0.0212359,
682956,Paenibacillus jilunlii,0.00288027,
688867,Ohtaekwangia koreensis,0.00376471,
699192,Megasphaera genomosp. type_1,0.00788,
701529,Peptoniphilus sp. JCM 8143,0.00254136,
705309,Bifidobacterium sp. JCM 6439,0.00188235,
706566,Meniscus glaucopis,0.00288027,
706570,Pseudomonas flexibilis,0.00288027,
709987,Pseudonocardia rhizophila,0.00188235,
714067,Kroppenstedtia eburnea,0.00188235,
722472,Bradyrhizobium lablabi,0.00188235,
732236,Prevotella sp. JCM 6330,0.0038546,
748247,Azoarcus sp. KH32C,0.0141573,
748280,Pseudogulbenkiania sp. NH8B,0.00288027,
748811,Sulfuritalea hydrogenivorans,0.00376471,
755171,Peptoniphilus tyrrelliae,0.0607607,
762212,Bifidobacterium biavatii,0.00585274,
838005,Bacillus sp. NCIMB 11647,0.00288027,
857252,Pseudomonas aestusnigri,0.00254136,
869719,Sphingomonas endophytica,0.00740686,
877455,Methanobacterium lacus,0.00188235,
887359,Flavobacterium sp. KOPRI 25403,0.0330377,
887412,Psychrobacter sp. KOPRI 25501,0.00188235,
887413,Psychrobacter sp. KOPRI 25503,0.027955,
907777,Citricoccus sp. KMM 3890,0.00188235,
911092,Caldanaerobacter subterraneus,0.0106701,
927083,Sandaracinus amylolyticus,0.00752941,
931533,Lactobacillus saniviri,0.00941176,
936594,Lachnoanaerobaculum sp. ICM7,0.00079,
946677,Flavobacterium chilense,0.00508272,
980254,Roseimaritima ulvae,0.00288027,
980427,Deinococcus wulumuqiensis,0.00376471,
999468,Sphingobacterium sp. LMG 8345,0.00564706,
1041504,Candidatus Arthromitus sp. SFB-rat-Yit,0.0637078,
1050174,Corynebacterium epidermidicanis,0.099101,
1070869,Dietzia sp. YIM 76027,0.0787822,
1071390,Acinetobacter sp. NBRC 100985,0.0141573,
1073423,Carnobacterium iners,0.00508272,
1095914,Pseudonocardia yuanmonensis,0.00188235,
1105029,Actinomyces sp. ICM39,0.19885,
1113650,Sphingobacterium sp. NBRC 15340,0.00508272,
1113696,Halomonas sp. NBRC 100990,0.027955,
1113707,Psychrobacter sp. NBRC 101050,0.0508272,
1113709,Psychrobacter sp. NBRC 101052,0.0508272,
1113737,Bacillus sp. NBRC 101223,0.00288027,
1113741,Bacillus sp. NBRC 101250,0.00576053,
1113769,Hymenobacter sp. NBRC 101362,0.00188235,
1113785,Brochothrix sp. NBRC 101651,0.421866,
1113802,Marinobacter sp. NBRC 101709,0.00254136,
1113946,Lactococcus sp. NBRC 106007,0.0019273,
1114067,Weissella sp. NBRC 107245,0.00254136,
1114874,Flavobacterium piscis,0.0127068,
1121298,Clostridium amylolyticum,0.0604856,
1121830,Fodinicurvata fenggangensis,0.00376471,
1121961,Hirschia maritima,0.438876,
1123914,[Spirillum] lunatum,0.00288027,
1124835,Chryseobacterium carnipullorum,0.00254136,
1126833,Paenibacillus beijingensis,0.0106701,
1143711,Paenibacillus frigoriresistens,0.00376471,
1144661,Acinetobacter sp. CIP 101934,0.148652,
1144665,Acinetobacter sp. CIP 102136,0.00188235,
1155537,Saccharomonospora sp. YIM M11204177,0.00188235,
1168034,Draconibacterium orientale,0.134494,
1169913,Vulcaniibacterium thermophilum,0.0212359,
1173027,Microcoleus sp. PCC 7113,0.0212359,
1174528,Fischerella sp. PCC 9339,0.00707864,
1177755,Methyloligella halotolerans,0.00752941,
1184387,Mesotoga prima,0.0112941,
1195760,Wenyingzhuangia marina,0.0212359,
1199245,secondary endosymbiont of Ctenarytaina eucalypti,0.00607977,
1203471,Geobacter daltonii,0.00188235,
1203556,Actinomyces sp. HPA0247,0.03413,
1204214,Streptomyces sp. YIM 75781,0.00188235,
1206085,Jatrophihabitans endophyticus,0.00188235,
1211819,Holdemania massiliensis AP2,0.14988,
1231337,Lactobacillus shenzhenensis,0.00254136,
1236906,Neptunomonas sp. BPy-1,0.0201619,
1273686,Mycobacterium sp. VKM Ac-1816D,0.00188235,
1324934,Myroides xuanwuensis,0.00508272,
1329370,Halomonas qiaohouensis,0.0228722,
1381080,Idiomarina woesei,0.00508272,
1427754,Microbispora amethystogenes,0.00188235,
1436965,Peptoniphilus stercorisuis,0.00707864,
1449080,Thermus amyloliquefaciens,0.0019273,
1452450,Roseomonas alkaliterrae,0.055336,
1463837,Streptomyces sp. NRRL B-3253,0.00740686,
1463921,Streptomyces sp. NRRL S-920,0.00188235,
1465521,Lactobacillus sp. JCM 8672,0.00188235,
1476870,Actinophytocola sediminis,0.00564706,
1487956,Corynebacterium sp. ATCC 6931,0.00188235,
1488215,Brenneria sp. IHBB 6858,0.00531491,
1490051,Anoxybacillus geothermalis,0.00254136,
1520671,Flavobacterium maris,0.0228722,
1578165,Mycobacterium saopaulense,0.00490124,
1608627,Psychrobacter sp. DSM 5684,0.0889476,
1608994,Pseudomonas weihenstephanensis,0.00508272,
1611423,Flavobacterium sp. DSM 9626,0.00254136,
1648232,Skermanella sp. YIM 93097,0.00254136,
1661059,Pseudomonas sp. NBRC 111144,0.00762408,
1685010,Chryseobacterium sp. IHB B 10212,0.00254136,
1707394,Halomonas sp. JCM 11460,0.302422,
1715347,Garciella sp. YIM G1-1,0.00770921,
1746632,Brachybacterium sp. HBUM179121,0.00188235,
1746641,Brevibacterium sp. HBUM179137-2,0.00188235,
1747013,Nocardioides sp. HBUM178932,0.00188235,
1755603,Bacteroides sp. MC_12,0.00254136,
1793963,Bacillus nakamurai,0.00188235,
1827099,Peptoniphilus sp. JCM 8141,0.00254136,
1859290,Corynebacterium sp. YIM 101343,0.00254136,
1859291,Corynebacterium sp. YIM 101587,0.0121595,
1870819,Paenibacillus sp. BIHB4019,0.0283146,
1870820,Paenibacillus sp. IHBB 9852,0.00188235,
