820,Bacteroides uniformis,2.89896053388889,7.00581940364315
821,Bacteroides vulgatus,0.872889411111111,3.81758870150278
1512,[Clostridium] symbiosum,0.0330069031481482,0.0394596405653136
1535,[Clostridium] leptum,0.193072018611111,0.233646600859059
1559,Clostridium tertium,0.175163221666667,0.219283457814801
28117,Alistipes putredinis,0.406716932222222,0.998433632909914
28446,[Clostridium] propionicum,0.0243374604074074,0.0353788276744209
39488,[Eubacterium] hallii,0.0905108112962963,0.0878401182986164
39491,[Eubacterium] rectale,0.235739894259259,0.219845423003872
40518,Ruminococcus bromii,2.97053658851852,9.24973762148534
40520,Blautia obeum,0.759523042592593,0.958520814318174
69825,[Clostridium] indolis,0.133064754259259,0.147387001611212
84030,[Clostridium] saccharolyticum,0.0574472990740741,0.0923674769057618
328814,Alistipes shahii,0.135825895962963,0.203235100811401
351091,Oscillibacter valericigenes,0.821895137037037,0.9468855890312
357276,Bacteroides dorei,0.345944637962963,0.95026312881531
371601,Bacteroides xylanisolvens,0.281536276148148,0.527573038385847
1297750,Bacteroides luti,0.429165609351852,0.687737965778423
818,Bacteroides thetaiotaomicron,0.385279927773585,0.89402626102884
853,Faecalibacterium prausnitzii,1.45978575471698,1.57433880592531
1308,Streptococcus thermophilus,0.0423988505471698,0.0780783981639009
1322,Blautia hansenii,0.0207286330943396,0.0359895792860077
1343,Streptococcus vestibularis,0.223966869169811,0.45070964795567
1532,Blautia coccoides,0.0529961394339623,0.0616812357231973
28037,Streptococcus mitis,0.0501273349056604,0.0933691723935936
28116,Bacteroides ovatus,0.432075808339623,1.02636682136292
36847,[Clostridium] neopropionicum,0.0983985495283019,0.1663751885839
39484,Eubacterium desmolans,0.0758579018490566,0.173087985272023
39485,[Eubacterium] eligens,0.300576793018868,0.366669036152736
39486,Dorea formicigenerans,0.304427638867925,0.413921907092406
46506,Bacteroides stercoris,0.478407513018868,1.79365579684049
52226,Mitsuokella multacida,0.0769807566037736,0.145226567673734
84026,[Clostridium] methylpentosum,0.853467495660377,2.11545491711258
89014,Blautia luti,0.139024441509434,0.107101941526899
165179,Prevotella copri,28.7449462754717,24.3306062585926
301301,Roseburia hominis,0.186168325660377,0.264816903918333
301302,Roseburia faecis,0.316337193622642,0.365312245454373
410072,Coprococcus comes,0.384554853622642,0.429727580024514
536633,Blautia glucerasea,0.0299257151509434,0.0715642693821402
626937,Christensenella minuta,0.175451344245283,0.253085231408239
1265,Ruminococcus flavefaciens,0.302940103326923,0.670320009156406
1303,Streptococcus oralis,0.116090629038462,0.217054335430511
1304,Streptococcus salivarius,0.343913211557692,0.598218919545749
1735,Holdemanella biformis,1.15465396346154,1.538768223019
28136,Prevotella oulorum,0.445650149615385,0.614770577514561
33031,Peptoniphilus lacrimalis,0.0306946354230769,0.0942593955626683
39490,Eubacterium ramulus,0.05296722825,0.0802337858183228
39492,[Eubacterium] siraeum,0.623425795,1.16602666122639
40519,Ruminococcus callidus,0.455023567326923,1.04205010472562
44749,Sporobacter termitidis,0.933804539865385,2.31053695541445
53443,Blautia hydrogenotrophica,0.0225658528269231,0.0304741479417355
74426,Collinsella aerofaciens,0.784292300769231,0.865921408308958
85831,Bacteroides acidifaciens,0.236203144230769,0.71013809180674
169435,Anaerotruncus colihominis,0.601955939230769,1.12278484694269
180311,Hespellia stercorisuis,0.0157408977884615,0.0162437734028237
208479,[Clostridium] bolteae,0.0310819540384615,0.132822397617763
218538,Dialister invisus,2.15808270307692,3.62200810298795
228604,Prevotella salivae,1.66096491346154,1.98374489423074
360807,Roseburia inulinivorans,0.248835137596154,0.38956941124358
823,Parabacteroides distasonis,0.388095330411765,0.803250968459853
1501,Clostridium pasteurianum,0.0215633952941176,0.020762886431295
1515,Ruminiclostridium thermocellum,0.238069322823529,0.328966168206083
28125,Prevotella bivia,0.479886119803922,0.607351195485658
28135,Prevotella oris,0.0812224554901961,0.14341459568754
29363,Clostridium paraputrificum,0.0418137281372549,0.0851865142221511
83771,Succinivibrio dextrinosolvens,1.87522062594118,3.97540921616991
143393,[Eubacterium] sulci,0.322082993333333,0.519471229381339
185294,Prevotella paludivivens,0.571603115254902,0.966158802766735
387661,Parabacteroides johnsonii,0.212074049196078,0.376792009918643
397865,Barnesiella viscericola,0.085733794254902,0.22849345060766
454154,Paraprevotella clara,0.779858335294118,0.780809096271879
33038,[Ruminococcus] gnavus,0.06484781104,0.335685986967198
47246,[Clostridium] viride,0.0961883641,0.198253577625365
166486,Roseburia intestinalis,0.0313755024,0.0255691437775236
204516,Bacteroides massiliensis,0.68532136126,2.43301333234959
419005,Prevotella amnii,0.11926064076,0.113861473847806
691816,Bacteroides rodentium,0.08865808192,0.462149257403718
839,Prevotella ruminicola,0.045247531877551,0.0920327723609041
1504,Clostridium septicum,0.0363580292244898,0.119143896366939
46503,Parabacteroides merdae,0.182254796122449,0.322074558093533
187327,Acidaminococcus intestini,0.312385469265306,0.439081135982897
228603,Prevotella shahii,0.574042511836735,0.613621242584428
288965,[Clostridium] clariflavum,0.0542512746122449,0.0936377316723301
572010,Slackia isoflavoniconvertens,0.162389309489796,0.158751864923354
1630,Kandleria vitulina,0.111114618125,0.117851019028222
246787,Bacteroides cellulosilyticus,0.131657817208333,0.47267274896305
589436,Prevotella fusca,0.2968281783125,0.871046565058666
589437,Prevotella scopos,0.115964469145833,0.155213296979892
633701,Prevotella saccharolytica,0.212586480958333,0.572408005697711
745368,Gemmiger formicilis,0.00728799914583333,0.0128450742213572
35517,[Eubacterium] brachy,0.0513741456382979,0.0925061093220415
45851,Butyrivibrio crossotus,0.805339626148936,2.17207259052461
329854,Bacteroides intestinalis,0.0817356235957447,0.291304420168386
386414,Prevotella timonensis,0.0480630754893617,0.055204388805807
38304,Corynebacterium tuberculostearicum,0.00708726452173913,0.00552968664750921
47678,Bacteroides caccae,0.52054782876087,1.52816320033964
61171,Holdemania filiformis,0.0217655364565217,0.0315723315243615
840,Prevotella loescheii,0.0230562928666667,0.0271463189466609
1510,[Clostridium] stercorarium,0.0492729974444444,0.226981353527513
29466,Veillonella parvula,0.0438243524,0.143804661381714
88431,Dorea longicatena,0.0155253476,0.0331425359671671
234908,Sutterella stercoricanis,0.251445495866667,0.344153469769013
477666,Bacteroides graminisolvens,0.0160960248444444,0.0258082917957924
1161942,Ruminococcus champanellensis,0.176838429111111,0.447343805247334
1605,Lactobacillus animalis,0.00861081286363636,0.0118074086370846
1660,Actinomyces odontolyticus,0.0127548329545455,0.0145940073290057
239935,Akkermansia muciniphila,0.234719961409091,0.886472857054615
544645,Butyricimonas virosa,0.182494427159091,0.197992241715134
39777,Veillonella atypica,0.0504908882790698,0.197719065762089
39778,Veillonella dispar,0.0510604328837209,0.141598474665778
189722,Prevotella marshii,0.219921794023256,0.280614038053571
214856,Alistipes finegoldii,0.230298863953488,0.828324385585266
310298,Bacteroides coprocola,0.328004181534884,1.47312571027503
876,Desulfovibrio desulfuricans,0.0170555886904762,0.0206984082512513
905,Acidaminococcus fermentans,0.100631595595238,0.289556787702163
1507,Clostridium sp. ATCC 29733,0.00418950885714286,0.00460549654791935
28111,Bacteroides eggerthii,0.4033645415,2.12694167276763
39950,Dialister pneumosintes,0.0149344865,0.0275798065257331
44742,Desulfovibrio fairfieldensis,0.00462756911904762,0.00713331804378681
376804,Bacteroides barnesiae,0.0252887475952381,0.0445656619829629
1465754,Alistipes timonensis,0.0277471024047619,0.0287972385910899
1502,Clostridium perfringens,0.348658963512195,1.10432308704058
28129,Prevotella denticola,0.114188036097561,0.304999421499069
52787,Anaerofilum pentosovorans,0.0209596690731707,0.0207144868617706
180164,Blautia schinkii,0.00712691314634146,0.0137648869089837
197614,Streptococcus pasteurianus,0.0132649975609756,0.0179492591014126
290053,Bacteroides helcogenes,0.0469276518780488,0.14165261216231
328813,Alistipes onderdonkii,0.136517888219512,0.261592785221735
881,Desulfovibrio vulgaris,0.027539763175,0.0408242734754914
1264,Ruminococcus albus,0.0439277609,0.0936455779239416
46228,Ruminococcus lactaris,0.004779097675,0.0090943626479845
133926,Olsenella uli,0.1088799214,0.133582984329731
322505,Sharpea azabuensis,0.0273629425,0.03194614790132
1134563,Prevotella sp. JCM 6348,0.010154968625,0.00909677848137208
729,Haemophilus parainfluenzae,0.192263520307692,0.553411322528042
1520,Clostridium beijerinckii,0.0565717074871795,0.245218212489243
35519,Mogibacterium timidum,0.0588447309230769,0.0750875291348605
626935,Collinsella tanakaei,0.00617902515384615,0.00672902697498532
817,Bacteroides fragilis,0.0926482736315789,0.123325490161175
907,Megasphaera elsdenii,0.171598046105263,0.444103269641189
1680,Bifidobacterium adolescentis,0.00888805668421053,0.0168627474623864
1686,Bifidobacterium catenulatum,0.409950886026316,1.16656952160977
28026,Bifidobacterium pseudocatenulatum,0.0826792349210526,0.151502527554975
29348,[Clostridium] spiroforme,0.0120556992368421,0.0192392254740306
36745,Clostridium saccharoperbutylacetonicum,0.0130715348421053,0.0182234070486662
46124,Granulicatella adiacens,0.00783766378947368,0.0115115401342819
77768,Prevotella albensis,0.108241674421053,0.292628865703958
261299,Intestinibacter bartlettii,0.0224095996578947,0.0310665522042273
901,Desulfovibrio piger,0.314908614216216,0.529754921509393
28130,Prevotella disiens,0.127996687189189,0.304800860969151
35833,Bilophila wadsworthia,0.0770163726216216,0.159293298803934
84112,Eggerthella lenta,0.0397417791621622,0.0872601532141169
114527,Mogibacterium diversum,0.277925327459459,0.366002513743993
437898,Sutterella parvirubra,0.0377382502702703,0.0501541038746431
28118,Odoribacter splanchnicus,0.0807962440833333,0.110803531970595
102148,Solobacterium moorei,0.17916816975,0.303546387718647
282402,Prevotella multiformis,0.00977675752777778,0.00926057988445677
341225,[Clostridium] saccharogumia,0.00284105991666667,0.00336534977383386
604330,Olsenella umbonata,0.0802678385833333,0.091996689124705
1267,Clostridium ventriculi,0.0120775251714286,0.0274806140602967
1307,Streptococcus suis,0.00870616202857143,0.0101007226841651
29375,[Clostridium] xylanolyticum,0.00473240585714286,0.00530250542951401
32016,Desulfovibrio oxamicus,0.0112551565714286,0.0160722060326681
33043,Coprococcus eutactus,0.0830806787428571,0.12087620874233
35785,Clostridium maximum,0.0409135751428571,0.0974929352774024
39496,Eubacterium ventriosum,0.0076595228,0.0110328387495503
214858,Bacteroides sp. DSM 12148,0.0181062360571429,0.0202918226396831
308994,Dialister propionicifaciens,0.523338117571429,1.38042701750609
850,Fusobacterium mortiferum,0.804345692735294,2.28283190241604
1685,Bifidobacterium breve,0.0646218552647059,0.166707638989065
77095,Prevotella bryantii,0.148718739470588,0.25971387285783
83661,Desulfonispora thiosulfatigenes,0.0119471601176471,0.0118045766677928
185293,Prevotella oryzae,0.0115933827941176,0.0192596331686469
652716,Prevotella sp. oral taxon 299,0.0155994147352941,0.0400932184580258
114528,Mogibacterium neglectum,0.100756902666667,0.123453136266989
31971,[Eubacterium] dolichum,0.0091900890625,0.0158939259667461
33039,[Ruminococcus] torques,0.0135976121875,0.0504338954196001
46206,Pseudobutyrivibrio ruminis,0.170090882375,0.478879739033493
58134,[Desulfotomaculum] guttoideum,0.01069848003125,0.0156861512917443
114702,Actinomyces lingnae,0.00360086915625,0.00441404971946709
487175,Parasutterella excrementihominis,0.21305943803125,1.14801539810551
1492,Clostridium butyricum,0.0276535369354839,0.0706643777544581
1598,Lactobacillus reuteri,0.0351985213225806,0.0668527036871624
28134,Prevotella oralis,0.0118710043225806,0.0232280358956661
78345,Bifidobacterium merycicum,0.0309758296774194,0.0592903252820356
105841,Anaerostipes caccae,0.00358078232258065,0.0049908493449754
214853,Anaerofustis stercorihominis,0.00479221816129032,0.00654204310045164
225324,Enhydrobacter aerosaccus,0.012352005483871,0.0190143043178838
358742,[Clostridium] aldenense,0.00371917187096774,0.00451606976676599
198,Campylobacter hyointestinalis,0.0579634209,0.148234390425385
1488,Clostridium acetobutylicum,0.00306243313333333,0.00281564078771605
28132,Prevotella melaninogenica,0.0031569802,0.00213420853679392
28137,Prevotella veroralis,0.00576180676666667,0.00819359644734767
214851,Subdoligranulum variabile,0.00436761956666667,0.0046114138471462
871324,Bacteroides stercorirosoris,0.0573899164,0.137445022186382
294,Pseudomonas fluorescens,0.00192600913793103,0.00162646745525665
562,Escherichia coli,0.0284657844137931,0.0510699627478031
102684,Streptococcus infantarius,0.00666363293103448,0.00820854047027114
158787,Bifidobacterium scardovii,0.11498437837931,0.275250402470775
216816,Bifidobacterium longum,0.034973932862069,0.0815281852355313
504487,Jejuia pallidilutea,0.0260559827241379,0.0751167877131586
971,Selenomonas ruminantium,0.0250877110357143,0.0380624369328355
47877,Pseudomonas amygdali,0.00176601635714286,0.00159176119139248
86333,Mogibacterium vescum,0.0223753435,0.0219669920069975
358743,[Clostridium] citroniae,0.00455120164285714,0.00508984447861481
645466,Anaerostipes butyraticus,0.00292275346428571,0.00396883524559036
856,Fusobacterium varium,0.249615192851852,0.712482899809328
1624,Lactobacillus salivarius,0.229700088666667,0.480458497553831
1655,Actinomyces naeslundii,0.00214815907407407,0.00307910617203948
36834,Clostridium celatum,0.00744889833333333,0.0156890285966892
185300,Paludibacter propionicigenes,0.00355198159259259,0.00330770853113917
341220,Lactonifactor longoviformis,0.00330337981481481,0.00361584876730964
762212,Bifidobacterium biavatii,0.0175986024814815,0.0309188292529375
1590651,Paenibacillus sp. VKM B-2647,0.0194592078518519,0.0481477829695779
2173,Methanobrevibacter smithii,0.368885243192308,0.58586221708791
328812,Parabacteroides goldsteinii,0.00364165776923077,0.0050520842358814
376806,Bacteroides gallinarum,0.00517535211538462,0.0154840256379166
502558,Eggerthella sp. YY7918,0.0797330857692308,0.100785049274079
1124188,Flavobacterium fontis,0.0482820683076923,0.0768375855469631
996,Flavobacterium columnare,0.00361269756,0.00495439925812349
1280,Staphylococcus aureus,0.00241982432,0.00275350345522038
1358,Lactococcus lactis,0.02580459832,0.0665662264541176
1547,Erysipelatoclostridium ramosum,0.05386393444,0.108987352567487
1596,Lactobacillus gasseri,0.051138888,0.0822171295741491
1689,Bifidobacterium dentium,0.0333418398,0.0584667831931828
1732,Eubacterium oxidoreducens,0.00409171084,0.0045338762438511
28128,Prevotella corporis,0.00505402032,0.00631169583367942
28901,Salmonella enterica,0.00180935872,0.00260775322321028
82374,Anaerovibrio lipolyticus,0.01498753716,0.0178380635402305
100176,Papillibacter cinnamivorans,0.017349024,0.0358465679695411
100884,Coprobacillus cateniformis,0.00302449864,0.00437481713116402
115979,Bacillus nealsonii,0.00470511424,0.00599867918902013
151276,Bacteroides coprosuis,0.06220928276,0.162257174821842
156980,Arthrobacter woluwensis,0.00595601324,0.00685319888874853
180332,Robinsoniella peoriensis,0.0018439918,0.00175983980247041
470565,Prevotella histicola,0.00698990236,0.0138972528118763
1691,Bifidobacterium indicum,0.040371011,0.0853306275807606
158847,Megamonas hypermegale,0.259734278,0.474860380049896
253239,Ethanoligenens harbinense,0.0402444930416667,0.06696995294869
1338,Streptococcus intermedius,0.0029947427826087,0.00432390512009854
1694,Bifidobacterium pseudolongum,0.00451604543478261,0.00727673417984272
2047,Rothia dentocariosa,0.0015543597826087,0.00112476492819591
29552,Acholeplasma axanthum,0.0445906880869565,0.0902078506799859
35825,Pseudobacteroides cellulosolvens,0.0101407706086957,0.022286038624434
39497,Eubacterium xylanophilum,0.00574550639130435,0.00521099634938837
55565,Actinomyces graevenitzii,0.00264206534782609,0.00224029740571976
147207,Collinsella intestinalis,0.00657392604347826,0.017267012668262
884684,Mageeibacillus indolicus,0.00546047013043478,0.00883339211854959
1121298,Clostridium amylolyticum,0.0783499693043478,0.182474224086413
851,Fusobacterium nucleatum,0.027447454,0.0893510995385167
1382,Atopobium parvulum,0.00174469404545455,0.00174178121322722
1534,Clostridium kluyveri,0.0132674297272727,0.0299988174260293
1582,Lactobacillus casei,0.00439496186363636,0.00525725318266557
1622,Lactobacillus murinus,0.0135736278181818,0.0214907041430607
38986,Acholeplasma palmae,0.0709584383181818,0.128296132914126
52227,Prevotella dentalis,0.00284968472727273,0.00510594161385927
61435,Dehalococcoides mccartyi,0.00103813704545455,0.000494185515820534
154046,Hungatella hathewayi,0.0137998815454545,0.033764291384099
166485,Caminicella sporogenes,0.00698690236363636,0.00710060360633013
472113,Geofilum rubicundum,0.00798452295454545,0.0178476074962808
1302,Streptococcus gordonii,0.00216374595238095,0.0028936586784441
1349,Streptococcus uberis,0.00231538895238095,0.00235128249247434
133453,Caldilinea aerophila,0.00274793204761905,0.00289219562137302
290055,[Eubacterium] fissicatena,0.00191927676190476,0.00211642157412149
454155,Paraprevotella xylaniphila,0.00466127676190476,0.00723421473905324
1328,Streptococcus anginosus,0.00495053965,0.00504245221019878
29360,Cellulosilyticum lentocellum,0.00394902295,0.00706404854985728
37734,Enterococcus casseliflavus,0.03544680155,0.132637677732679
552810,Dehalogenimonas lykanthroporepellens,0.0012792623,0.000702786965761101
1715347,Garciella sp. YIM G1-1,0.0017892084,0.00110996472979495
859,Fusobacterium necrophorum,0.00478426115789474,0.00587976358037348
1379,Gemella haemolysans,0.00290356715789474,0.00316151450379333
28025,Bifidobacterium animalis,0.0241498667368421,0.0937816038118491
28127,Prevotella buccalis,0.00781932284210526,0.00759066287641086
31909,Halothermothrix orenii,0.00300345363157895,0.00369901821867434
78342,Bifidobacterium gallicum,0.00517198663157895,0.00750321983374485
135082,Selenomonas infelix,0.00231326005263158,0.0029903969184944
363872,Bacillus panaciterrae,0.00168467263157895,0.00138494859455931
471189,Gordonibacter pamelaeae,0.0405387862631579,0.0907287078177902
1671366,Ruminococcus sp. DSM 100440,0.0506011755263158,0.109373840571819
852,Fusobacterium perfoetens,0.288043398333333,0.67268878866407
1313,Streptococcus pneumoniae,0.00324930627777778,0.00285335483395357
1336,Streptococcus equi,0.00433809088888889,0.00333081035293632
29391,Gemella morbillorum,0.00957206888888889,0.017492640588172
29533,Flavobacterium pectinovorum,0.00326750761111111,0.00722602117500582
35760,Bifidobacterium choerinum,0.00675970661111111,0.0098016867345347
36850,Clostridium quinii,0.00307381522222222,0.00376795862732745
39493,Clostridium tarantellae,0.00420001972222222,0.00848049376551459
739,Aggregatibacter segnis,0.0107590571176471,0.0139857429603124
1337,Streptococcus hyointestinalis,0.00148919547058824,0.00116701532064328
1352,Enterococcus faecium,0.0883910908235294,0.314130363761221
1490,Paraclostridium bifermentans,0.00407437505882353,0.00776392885900222
36835,[Clostridium] colinum,0.00189921776470588,0.00185060315211945
39029,Megasphaera cerevisiae,0.00642604988235294,0.0186530415260814
41976,Porphyromonas catoniae,0.00204850494117647,0.00200968679268793
66851,Methanobrevibacter oralis,0.00552760358823529,0.00613202824916639
86332,Mogibacterium pumilum,0.00418356964705882,0.00458836642824735
179628,Clostridium colicanis,0.00854170029411765,0.0138857521949401
291644,Bacteroides salyersiae,0.0200840549411765,0.0459146235643976
337315,Candidatus Peptoniphilus massiliensis,0.00355699635294118,0.00750192397286702
384638,[Bacteroides] pectinophilus,0.0213420024705882,0.0496796826853174
394340,Asaccharobacter celatus,0.00103654182352941,0.000334021522703859
449659,Lactobacillus pobuzihii,0.0240962751764706,0.0395705259579379
871325,Bacteroides faecichinchillae,0.00309292529411765,0.00339610650399569
824,Campylobacter gracilis,0.0029314118125,0.00337818509729034
1282,Staphylococcus epidermidis,0.003021637125,0.00386186464279089
1335,Streptococcus equinus,0.0031227595625,0.0032390703059038
1356,Enterococcus sulfureus,0.0086268680625,0.0150374871393031
1402,Bacillus licheniformis,0.003675866875,0.00528024009159659
1525,Moorella thermoacetica,0.0044474205,0.00330227099068482
1530,Clostridium carnis,0.0131944646875,0.0245362607042743
1561,Clostridium baratii,0.003927276625,0.00565591679423281
1599,Lactobacillus sakei,0.023335232,0.0514186128469733
1613,Lactobacillus fermentum,0.012672474875,0.0144594093065165
1623,Lactobacillus ruminis,0.0074211529375,0.00887482480832086
97253,Eubacterium plexicaudatum,0.0016454625,0.00145109949043981
107580,Bacteroides sp. CIP103040,0.013465215875,0.038336789198892
138595,Olsenella profusa,0.0032962433125,0.00393548273531909
216945,Spiroplasma syrphidicola,0.00338775975,0.00452350438221914
291645,Bacteroides nordii,0.081312915,0.154115842293335
1078480,Haemophilus sputorum,0.0081611835625,0.0116510915245219
831,Butyrivibrio fibrisolvens,0.0925299774,0.124795310296216
863,Syntrophomonas wolfei,0.00136930873333333,0.000933418436060734
1015,Bergeyella zoohelcum,0.00518514833333333,0.00341671571440523
1309,Streptococcus mutans,0.00678844886666667,0.00587442143215311
1311,Streptococcus agalactiae,0.00333802133333333,0.00646282994765493
1428,Bacillus thuringiensis,0.00190486626666667,0.00148453278096061
1521,[Clostridium] cellulolyticum,0.00329376473333333,0.00380283092987794
33959,Lactobacillus johnsonii,0.00250671673333333,0.00302826704694077
36854,Desulfitobacterium dehalogenans,0.00625039686666667,0.00666271436365241
61635,Acholeplasma brassicae,0.00226607426666667,0.00180796450635259
305719,Prevotella baroniae,0.00366109313333333,0.00533634639482952
321327,Synechococcus sp. JA-3-3Ab,0.00205776953333333,0.00173266299528838
387090,Bacteroides coprophilus,0.00716569813333333,0.00792577536979906
591197,Ignavibacterium album,0.00119634486666667,0.000710960615131775
671267,Bacteroides sartorii,0.0133684613333333,0.0202006178730375
573,Klebsiella pneumoniae,0.013569937,0.0254331255088727
1496,Clostridioides difficile,0.00136830157142857,0.00114205702604075
28126,Prevotella buccae,0.00230536185714286,0.00296830512392061
29347,[Clostridium] scindens,0.00204151385714286,0.00180235443757752
33033,Parvimonas micra,0.0062213795,0.0129844824520298
43675,Rothia mucilaginosa,0.00124206792857143,0.00104746647339403
58138,Desulfotomaculum acetoxidans,0.00396058378571429,0.00739612996004549
395922,Coraliomargarita akajimensis,0.0236127992142857,0.0427263958711315
589537,Prevotella dentasini,0.0181482253571429,0.0418489263495342
1676991,Clostridium sp. ATCC 25772,0.00200092035714286,0.00227131430948564
1376,Aerococcus urinae,0.00406369315384615,0.00500063446868321
1491,Clostridium botulinum,0.00497317830769231,0.00442004834065955
28119,Bacteroides zoogleoformans,0.00563225223076923,0.0104654480276464
36849,Oxobacter pfennigii,0.00146528053846154,0.00119543422471548
52773,Actinomyces meyeri,0.00125196038461538,0.000730120898970111
89059,Lactobacillus acidipiscis,0.00284780869230769,0.00312702119194083
182640,Kribbella flavida,0.00293869261538462,0.00274560852869834
376805,Bacteroides salanitronis,0.00289576276923077,0.00195474725467707
483012,Lactobacillus cacaonum,0.00646365153846154,0.0077286938711942
985664,Bacillus sp. CCUG 60788,0.000968188230769231,0.000560580890422925
293,Brevundimonas diminuta,0.00233439083333333,0.0015947512246756
1455,Bacillus badius,0.00123151291666667,0.000735058555737563
1503,[Clostridium] purinilyticum,0.0218735738333333,0.0243099000521533
1549,[Clostridium] sporosphaeroides,0.00148499208333333,0.00111187250358282
1604,Lactobacillus amylovorus,0.00487296116666667,0.00544922160102646
36844,Clostridium homopropionicum,0.00358583708333333,0.00863912296553793
66219,Lachnoclostridium phytofermentans,0.00403672141666667,0.00389861304562692
69823,Selenomonas sputigena,0.00532609033333333,0.0144740476199147
79879,[Bacillus] clarkii,0.004155514,0.00505926624118649
137732,Granulicatella elegans,0.0110789445,0.0320239235769671
256847,Lentisphaera araneosa,0.310586924916667,0.490596236681015
310514,Prevotella multisaccharivorax,0.104673591583333,0.160682463774029
312279,Emticicia oligotrophica,0.0008821515,0.000385901351265626
425254,Cellulosilyticum ruminicola,0.002707611,0.00479257113178549
1110546,Veillonella tobetsuensis,0.00538253225,0.00741986207947947
858,Fusobacterium necrogenes,0.0787700862727273,0.128424256834415
1583,Weissella confusa,0.0166278948181818,0.0471617582942414
1589,Lactobacillus pentosus,0.00510973436363636,0.0047644796712629
1633,Lactobacillus vaginalis,0.00413805181818182,0.00288290864147589
2736,Verrucomicrobium spinosum,0.270177593363636,0.467820098763363
28114,Porphyromonas levii,0.001631962,0.00162613600330274
29341,Clostridium argentinense,0.00369782927272727,0.00248002893354219
29367,Clostridium puniceum,0.0305070508181818,0.0803512972231614
33072,Gloeobacter violaceus,0.0450267624545455,0.0433046766999687
35787,Lactobacillus pontis,0.004218254,0.00289130857871172
39482,[Eubacterium] contortum,0.00601308718181818,0.0144639999089626
43997,Catonella morbi,0.00193429209090909,0.00165474695940186
103892,Veillonella ratti,0.0186711235454545,0.0254604519386969
155617,Enterococcus moraviensis,0.00518438918181818,0.00774011940218331
185008,Butyrivibrio hungatei,0.00608292327272727,0.00540308202294753
309120,Dialister micraerophilus,0.0152855157272727,0.0185834016845339
332095,Dethiosulfatibacter aminovorans,0.00274752918181818,0.00327132855455314
461876,Alkaliphilus oremlandii,0.00140111836363636,0.00122432560428378
755171,Peptoniphilus tyrrelliae,0.0113116347272727,0.0280794961058931
1260,Finegoldia magna,0.0028731781,0.00469495922896507
1354,Enterococcus hirae,0.0089399069,0.011818729707991
1539,Clostridium malenominatum,0.0081317264,0.015967868419475
1683,Bifidobacterium angulatum,0.0049939552,0.0107327023959009
28447,Clavibacter michiganensis,0.0037528494,0.0034555363012625
33871,Coriobacterium glomerans,0.0007915063,0.000156125752069748
52229,Hallella seregens,0.0041528137,0.00446249019983128
76123,Prevotella enoeca,0.0040839027,0.00394505743892262
135083,Selenomonas noxia,0.0011953064,0.000680406511629008
167964,Anaerolinea thermophila,0.001198162,0.000499203325881237
310300,Bacteroides pyogenes,0.0033424277,0.00445119215620889
332163,Candidatus Solibacter usitatus,0.009841633,0.00807861101934959
357808,Roseiflexus sp. RS-1,0.0008864702,0.000320868248997345
365349,Pelosinus fermentans,0.0017830286,0.00251268289914856
407975,Prevotella pleuritidis,0.0119673178,0.0114926917386343
446660,Adlercreutzia equolifaciens,0.0049934185,0.00398704418103995
649724,Clostridium sp. ATCC BAA-442,0.0009794902,0.000404445371946653
673862,Candidatus Babela massiliensis,0.0031808117,0.00286502362501828
866801,Lactobacillus ozensis,0.0013107729,0.000487486241828526
1126833,Paenibacillus beijingensis,0.0010785966,0.000654014265752871
1416614,Gloeobacter kilaueensis,0.0155386319,0.0221454931158861
727,Haemophilus influenzae,0.00117205366666667,0.000893814748051715
833,Fibrobacter succinogenes,0.001584386,0.0010548198762297
1018,Capnocytophaga ochracea,0.00229309944444444,0.00157671085831765
1497,Clostridium formicaceticum,0.00221762811111111,0.000955366589935304
1563,Desulfosporosinus orientis,0.00116004855555556,0.000776713272764492
1590,Lactobacillus plantarum,0.00112820977777778,0.000985919080260238
1681,Bifidobacterium bifidum,0.005380975,0.00605591748872417
28454,Sphingobacterium multivorum,0.00117325311111111,0.000329389112383987
54005,Peptoniphilus harei,0.00230329988888889,0.00255431749377639
59610,Desulfotomaculum reducens,0.00339291411111111,0.0035248348901543
174709,Allobaculum stercoricanis,0.00132426377777778,0.00123074224633042
194326,Lactobacillus versmoldensis,0.00186505722222222,0.0017941219321374
236753,Fastidiosipila sanguinis,0.00275674122222222,0.00256101820163123
358220,Acidovorax sp. KKS102,0.00120889188888889,0.000866216059742811
419015,Alloscardovia omnicolens,0.00122335577777778,0.000827712716411283
650643,Alistipes sp. RMA 9912,0.00168803477777778,0.00174016127331196
885581,Desulfosporosinus acidiphilus,0.00236122122222222,0.0019466744034658
1195760,Wenyingzhuangia marina,0.00119190988888889,0.000522516315869046
1385386,Streptococcus sp. MR-1933,0.00140238633333333,0.00082990597832375
1661055,Pseudomonas sp. NBRC 111140,0.00104747,0.000664675873940073
199,Campylobacter concisus,0.001641771625,0.00101205285059455
204,Campylobacter showae,0.002524158125,0.00160295784159574
287,Pseudomonas aeruginosa,0.0020601745,0.00142235245978264
847,Oxalobacter formigenes,0.00686737625,0.011565029130038
860,Fusobacterium periodonticum,0.001433789375,0.00146043336288572
1366,Lactococcus raffinolactis,0.001298647,0.000713849042822881
1551,Clostridium aurantibutyricum,0.004327983875,0.00458366154786001
1564,Desulfotomaculum ruminis,0.00174119725,0.00115576780591614
28112,Tannerella forsythia,0.005277513125,0.00983688905228418
29317,Actinomyces sp.,0.002118502875,0.00245956742232923
29364,[Clostridium] polysaccharolyticum,0.007841425625,0.0077369760470324
29371,[Clostridium] termitidis,0.0181710965,0.0198939979028448
36874,Porphyromonas cangingivalis,0.0024444275,0.00109649116931823
38284,Corynebacterium accolens,0.001151775875,0.000917005154710771
39494,[Eubacterium] tortuosum,0.00278231,0.00307432553409129
42256,Rubrobacter radiotolerans,0.000832464875,0.000445131584323248
43305,Butyrivibrio proteoclasticus,0.00208365175,0.00169869766723341
46125,Abiotrophia defectiva,0.001401819625,0.00102328287346251
46609,Clostridium pascui,0.001143785875,0.000779906663550827
52769,Actinomyces gerencseriae,0.000976896875,0.000316872625144299
52786,Anaerofilum agile,0.001462231125,0.000796234342606216
53422,Thermobrachium celere,0.0027497535,0.00342921562042834
55507,Schwartzia succinivorans,0.001545144125,0.000775664570990476
94869,Clostridium gasigenes,0.001727804125,0.00230441007855469
102134,Desulfotomaculum gibsoniae,0.00464309775,0.00403169900388058
137662,Nonomuraea terrinata,0.002040732625,0.00205311888458399
187326,Megasphaera micronuciformis,0.002990911375,0.00409409166580947
238834,Clostridium estertheticum,0.00979489025,0.0169865841873225
264027,Algoriphagus marincola,0.0310920275,0.0450288984176209
390877,Nisaea denitrificans,0.001211159375,0.00070219515322023
423605,Elusimicrobium minutum,0.28215531125,0.342172981403477
574375,Bacillus gaemokensis,0.003517267,0.00656194530316262
732242,Bacteroides paurosaccharolyticus,0.004968717,0.00970347494653308
863643,Thermincola potens,0.004288385,0.00494577943171832
947013,Chryseolinea serpens,0.00085648225,0.000437470537847081
197,Campylobacter jejuni,0.00265126928571429,0.00194675298381405
964,Herbaspirillum seropedicae,0.00154768671428571,0.0012227664247267
1245,Leuconostoc mesenteroides,0.00209430814285714,0.0022405773361925
1527,Anaerocolumna aminovalerica,0.002226479,0.00210019126757469
1553,Clostridium tetanomorphum,0.000902864142857143,0.00043611113020935
1565,Desulfotomaculum nigrificans,0.00193226385714286,0.00301318210516365
1584,Lactobacillus delbrueckii,0.00305625357142857,0.004918687702101
1632,Lactobacillus oris,0.00145346585714286,0.000757566673239267
1648,Erysipelothrix rhusiopathiae,0.00186278042857143,0.00137047936506268
1747,Propionibacterium acnes,0.00114342542857143,0.00086654904643993
28133,Prevotella nigrescens,0.00146101971428571,0.000896927431680088
33954,Clostridium magnum,0.00197957742857143,0.00133978802406735
34059,Moraxella atlantae,0.00149605885714286,0.000925776338730982
35839,Holophaga foetida,0.00142668071428571,0.00132871191119479
39489,Clostridium moniliforme,0.001511068,0.00159962634125171
47493,Lactobacillus panis,0.00311561814285714,0.00294877939033325
47880,Pseudomonas fulva,0.00125964257142857,0.00102777442292766
58137,Desulfotomaculum thermosapovorans,0.00407895942857143,0.00364769591168849
87650,Facklamia sourekii,0.00528993271428571,0.00557822466679931
156456,Anaeroglobus geminatus,0.00835575228571428,0.0108834793924889
218205,Garciella nitratireducens,0.0130211804285714,0.0169011362401676
281920,Porphyromonas uenonis,0.0374196411428571,0.0932185215717556
315405,Streptococcus gallolyticus,0.00177665242857143,0.00185550149570387
339862,Desulfosporosinus youngiae,0.00126147714285714,0.000846591426687519
425941,Prevotella nanceiensis,0.000954748571428571,0.000243412582543068
439703,Prevotella maculosa,0.00451698128571429,0.00455793131785663
477976,Calditerrivibrio nitroreducens,0.000812075857142857,0.000308801847952927
626947,Parasutterella secunda,0.0506389385714286,0.122353398549769
755731,Clostridium sp. BNL1100,0.00866740714285714,0.00791088436754222
762211,Bifidobacterium stellenboschense,0.000914085571428571,0.00027230543019182
999468,Sphingobacterium sp. LMG 8345,0.000946622285714286,0.000303314598737963
1121961,Hirschia maritima,0.00182830528571429,0.0013722269927344
1223514,Corynebacterium humireducens,0.00153288928571429,0.000865837149083035
483,Neisseria cinerea,0.00140906083333333,0.00113978569723829
623,Shigella flexneri,0.00453732433333333,0.00765702948879425
879,Desulfovibrio gigas,0.00114113966666667,0.000825048476001421
1383,Atopobium rimae,0.00153598,0.00154937514339001
1718,Corynebacterium glutamicum,0.000940350666666667,0.000517604414200523
13335,Anaerobiospirillum succiniciproducens,0.0008341445,0.000243202502896455
28080,Campylobacter upsaliensis,0.004616218,0.00285449223549268
29362,[Clostridium] papyrosolvens,0.00307139616666667,0.00314630029792443
29372,Clostridium thermobutyricum,0.0107514626666667,0.0199362543336338
35518,[Eubacterium] nodatum,0.00171335066666667,0.00135564002750681
41211,Desulfotomaculum sp.,0.00253465566666667,0.00226302322277909
42448,Anaerobranca horikoshii,0.006819008,0.013736048487528
44676,Geothrix fermentans,0.00234323733333333,0.00173849675310225
45495,Methylophaga marina,0.00302242316666667,0.00161471541135278
48256,[Clostridium] hungatei,0.00224339733333333,0.00204237341494827
55583,Dehalobacter restrictus,0.00349876666666667,0.00562008943802814
78120,Succinispira mobilis,0.0016804195,0.00160955994253346
78343,Bifidobacterium boum,0.00346508883333333,0.00500285989428321
79681,Tissierella creatinophila,0.00138600616666667,0.00155314578452667
81032,Hyphomonas neptunium,0.00168006383333333,0.00239054009979815
106588,Pseudoflavonifractor capillosus,0.00195078266666667,0.00092805227975296
137591,Weissella cibaria,0.004819762,0.00777747318750444
140314,Trichococcus palustris,0.000735724,0.000403028576818568
140626,Lachnobacterium bovis,0.00135943416666667,0.000828064150375662
166501,Thermobaculum terrenum,0.00398225466666667,0.00751624342299347
217031,Bacillus galactosidilyticus,0.00138220866666667,0.000503726235444082
232270,Effusibacillus pohliae,0.00130228783333333,0.00154321477460779
294710,Proteiniphilum acetatigenes,0.00210842183333333,0.00194741281767862
420412,Clostridium tepidiprofundi,0.000977882,0.00044665568601463
693075,Caldisericum exile,0.003799876,0.0037322585838187
694315,Kofleria flava,0.0020906465,0.00122284769094663
937334,Caldicoprobacter faecalis,0.000889179166666667,0.000449820473147862
1134405,Melioribacter roseus,0.0009214605,0.000417356755930343
723,Actinobacillus ureae,0.0015674868,0.00127581786081603
726,Haemophilus haemolyticus,0.001007604,0.000443483671887139
732,Aggregatibacter aphrophilus,0.0012748858,0.000623984728061673
867,Ruminobacter amylophilus,0.0058981138,0.00635481433293823
959,Bdellovibrio bacteriovorus,0.0020442374,0.00196331479556331
1317,Streptococcus downei,0.0023656872,0.00177953417830038
1406,Paenibacillus polymyxa,0.0009196802,0.000458363196442188
1407,Bacillus psychrosaccharolyticus,0.0015055876,0.000807515684831446
1479,Bacillus smithii,0.000900827,0.000663691087329791
1506,Clostridium sp.,0.0017144752,0.00192621454478874
1529,Clostridium cadaveris,0.0044412718,0.00405720134254343
1541,Terrisporobacter mayombei,0.0025277628,0.00200005748989415
1542,Clostridium novyi,0.0015922732,0.00158673680893799
1579,Lactobacillus acidophilus,0.0021407016,0.00223096575227754
1659,Actinomyces israelii,0.0029472272,0.0047959146247029
2137,Spiroplasma apis,0.0011035234,0.000431521510056915
2724,Hirschia baltica,0.003267882,0.00245403469654975
28113,Bacteroides heparinolyticus,0.0028941268,0.00244964264730413
28139,Rikenella microfusus,0.0006196992,0.000146591818928274
28161,Bisgaard Taxon 7,0.0010142848,0.000442645503920688
29370,[Clostridium] sphenoides,0.024633689,0.0523182633668792
29394,Dolosigranulum pigrum,0.0008318048,0.000209671792062499
31998,Methylobacterium radiotolerans,0.0010382864,0.000389335577388967
33025,Phascolarctobacterium faecium,0.0010488958,0.000623312501662449
40542,Leptotrichia buccalis,0.0013478074,0.00154473364203389
42322,Eubacterium ruminantium,0.0015030508,0.000726473336393498
42471,Desulfotomaculum thermocisternum,0.0040764936,0.00431555427098157
44256,Caldanaerobius polysaccharolyticus,0.001879568,0.00234108097431048
45254,Dysgonomonas capnocytophagoides,0.0009019214,0.000474166656017481
46223,Thermoflavimicrobium dichotomicum,0.0041889724,0.00597900876280749
46469,Orenia marismortui,0.0059153086,0.00527421568158383
46867,Clostridium chauvoei,0.0015200362,0.00104110763879159
47770,Lactobacillus crispatus,0.0028051546,0.00245086018023077
51123,[Eubacterium] saphenum,0.003883618,0.00227295287173316
53343,Desulfotomaculum aeronauticum,0.001045242,0.00107203669351776
57732,Enterococcus asini,0.01350661,0.0258306783037167
59845,Paenibacillus illinoisensis,0.0010757356,0.000142546907652534
76122,Alloprevotella tannerae,0.0023916532,0.00103176284275079
76853,Solibacillus silvestris,0.0011858236,0.000780399932177278
80866,Delftia acidovorans,0.0009329616,0.000261161199984416
111015,Actinomyces radicidentis,0.0007035264,9.3834911894774e-05
118967,Anaerorhabdus furcosa,0.0008113218,0.000263802749209897
119484,Syntrophobacter fumaroxidans,0.0008102978,0.000467069361017397
165096,Weissella koreensis,0.0010390214,0.000567151538296248
179995,Anaerobiospirillum thomasii,0.0006990032,0.00025008509770916
206403,Sulfurovum lithotrophicum,0.001798006,0.00185451282833161
216940,Spiroplasma lampyridicola,0.0018346666,0.00139325172898719
216947,Spiroplasma velocicrescens,0.0017618916,0.000617147562607842
227943,Lactobacillus antri,0.0009129166,0.000352112343941248
246618,Bifidobacterium thermacidophilum,0.0012688298,0.00116443608394115
255723,Slackia faecicanis,0.053078634,0.0541112819435031
264463,Anaerosporobacter mobilis,0.0017251758,0.00184075311184178
279446,Aquibacillus koreensis,0.0050321854,0.00716191433630002
281120,Candidatus Amoebophilus asiaticus,0.0008909266,0.000496984746326082
305793,Lactobacillus nantensis,0.003526618,0.00210078981682366
349096,Pectinatus haikarae,0.0020026666,0.0016752654958253
373994,Rivularia sp. PCC 7116,0.0018075922,0.00185715923189887
467976,Iamia majanohamensis,0.0009445258,0.000442420424484675
679249,Lactobacillus floricola,0.0012162714,0.000908207363809224
871327,Parabacteroides chinchillae,0.0018471128,0.00163465718378662
927083,Sandaracinus amylolyticus,0.0016946092,0.00187041183243389
943673,Lactobacillus brantae,0.001781677,0.000784963348902355
1113650,Sphingobacterium sp. NBRC 15340,0.0007846006,0.000374444309775566
1114117,Lactobacillus sp. NBRC 107298,0.0009720316,0.000400483521924186
1450648,Clostridium oryzae,0.01098623,0.00745544143650126
1796622,Clostridium sp. 40cc-B-5824-ARE,0.0007447104,0.000312755956178775
24,Shewanella putrefaciens,0.0014406785,0.00123235239087649
114,Gemmata obscuriglobus,0.00078343175,0.000512326926690614
213,Helicobacter cinaedi,0.00101567675,0.000548660701278653
654,Aeromonas veronii,0.0013506465,0.00118639881787267
827,Campylobacter ureolyticus,0.0034149375,0.0041720857905479
948,Anaplasma phagocytophilum,0.003475962,0.00490105848287143
982,Saccharicrinis fermentans,0.00125760825,0.00111464113454641
1408,Bacillus pumilus,0.0012485755,0.000930552638573624
1471,Bacillus methanolicus,0.0025445475,0.00147242000014432
1499,[Clostridium] josui,0.001885526,0.00123553162812775
1519,Clostridium tyrobutyricum,0.001684567,0.00058152934554443
1537,Romboutsia lituseburensis,0.00144550525,0.00124986786939403
1736,Eubacterium limosum,0.00220535925,0.00198343576949249
2057,Sphaerobacter thermophilus,0.001120914,0.000259989221566331
2139,Spiroplasma clarkii,0.00208983675,0.00180422974603225
2148,Acholeplasma laidlawii,0.00553822575,0.00524969345233658
2153,Asteroleplasma anaerobium,0.06904173875,0.110140090419416
28108,Alteromonas macleodii,0.00151963175,0.00194793452975511
28122,Fibrobacter intestinalis,0.0022824875,0.000919993594375345
28199,Arcobacter nitrofigilis,0.00082721675,0.000592681078474967
28262,Thermodesulfovibrio yellowstonii,0.00396716625,0.00346897306891481
29357,Clostridium collagenovorans,0.000782969,0.000227756137262351
29385,Staphylococcus saprophyticus,0.00276858075,0.00276185398737483
33029,Anaerococcus hydrogenalis,0.001168658,0.000730565783713326
33035,Blautia producta,0.00401628,0.00717436983481509
33037,Anaerococcus vaginalis,0.004026149,0.00371156257666031
33905,Bifidobacterium thermophilum,0.00206141425,0.00186511939435815
33987,Exiguobacterium aurantiacum,0.002831812,0.00270290023563073
38402,Erysipelothrix tonsillarum,0.0008971155,0.000317489175799218
39483,Faecalitalea cylindroides,0.003088332,0.00452057637930416
44250,Paenibacillus alvei,0.00055265575,0.000289356706489153
47671,Lautropia mirabilis,0.002405481,0.00220189992199252
47679,Sporomusa sphaeroides,0.00140133725,0.00165191233041635
47879,Pseudomonas corrugata,0.00066769125,0.000164569215538377
53398,Hyphomicrobium aestuarii,0.00164033125,0.00095181878227086
54911,Brevibacillus choshinensis,0.0006874325,0.000328843207638027
61624,Paenibacillus mucilaginosus,0.001705824,0.000867699945125426
75658,Campylobacter lanienae,0.0375253895,0.073082422300467
79209,Desulfosporosinus meridiei,0.002966194,0.00254563336206558
82348,Streptococcus pluranimalium,0.00057429175,0.000203196012067782
84023,Clostridium autoethanogenum,0.00178138125,0.00176960793464906
84109,Slackia exigua,0.0009667915,0.000440191191032942
86665,Bacillus halodurans,0.00138085175,0.000499258560091111
88058,Treponema primitia,0.0033471225,0.00238971677799379
89524,Rubrimonas cliftonensis,0.00376758325,0.00608083196947881
99675,Clostridium putrefaciens,0.00210258225,0.00165792467904514
105612,Lactobacillus algidus,0.001738392,0.00157629560932037
109258,Desulfacinum hydrothermale,0.0028396035,0.00362068596617322
112901,Sporomusa malonica,0.00841016225,0.0117200095014939
122355,Pseudomonas psychrophila,0.02164547975,0.0339185271586165
126569,Paenibacillus glycanilyticus,0.002882605,0.0036377274459063
132132,Desulfomicrobium orale,0.000920853,0.000575922632406472
137730,Facklamia ignava,0.00077509625,5.55176332250995e-05
146919,Salinibacter ruber,0.002480209,0.00212212687709697
150829,Treponema azotonutricium,0.001679997,0.00105259731271872
156974,Dysgonomonas gadei,0.00192653475,0.00173071919932059
157463,Fructobacillus ficulneus,0.0029582965,0.00417642759148418
164393,Lactobacillus fuchuensis,0.000717101,0.000104635960055168
164546,Cupriavidus taiwanensis,0.0015431615,0.00101728374533149
167643,Ilyobacter insuetus,0.000720631,6.67752349053649e-05
168384,Marvinbryantia formatexigens,0.0014886375,0.00146425707119948
181662,Desulfovibrio giganteus,0.002464232,0.00168079479308332
182182,Actinobacillus scotiae,0.0005847165,0.000153935993821025
189425,Paenibacillus graminis,0.0010351925,0.00057155144922716
189723,Prevotella micans,0.00092896275,0.000606089434622413
191026,Desulfovibrio hydrothermalis,0.001833774,0.000791903675807439
217219,Meganema perideroedes,0.00072881275,0.000281129214840643
220687,Bacillus novalis,0.0009526255,0.00035281054270954
253245,Owenweeksia hongkongensis,0.00156793325,0.00134937249992416
255205,Pseudoclavibacter helvolus,0.002128622,0.00188208306980661
282125,Sutterella sanguinus,0.00493614575,0.00424053243112217
290112,Xenorhabdus szentirmaii,0.00063181325,0.000211615189631833
308892,Bacillus boroniphilus,0.001392422,0.0010981057727071
314275,Alteromonas mediterranea,0.001441134,0.000432796865204297
314319,Prolixibacter bellariivorans,0.0034204325,0.00267971236920899
330214,Nitrospira defluvii,0.01674909075,0.0302854196109673
350894,Flavobacterium suncheonense,0.000907746,0.000644462516223144
387093,Sulfurovum sp. NBC37-1,0.00196274275,0.00156843582038654
416001,Nodosilinea nodulosa,0.01557777425,0.0241024154191235
417373,Lactobacillus equigenerosi,0.0009192175,0.000147856704867697
544580,Actinomyces oris,0.00088604375,0.00046830795553665
637886,Dysgonomonas hofstadii,0.00241528425,0.00275941924735458
688867,Ohtaekwangia koreensis,0.0018665875,0.00203974343501489
742013,Delftia sp. Cs1-4,0.001682349,0.00126033818777924
930124,Bacillus halosaccharovorans,0.0014409235,0.00101364204016523
1144661,Acinetobacter sp. CIP 101934,0.00098684975,0.000327109080573413
1203033,Lactobacillus hominis,0.00092841325,0.00048047361168426
1391654,Labilithrix luteola,0.00086064275,0.00057896189123947
1484053,Mariniphaga anaerophila,0.00159558975,0.000950712219447566
1505723,Lactobacillus bombicola,0.00157001725,0.000913727474292481
103,Flectobacillus major,0.000589746,0.000237809927439962
119,Rubinisphaera brasiliensis,0.000408381333333333,2.64634003547037e-05
148,Spirochaeta bajacaliforniensis,0.00216555866666667,0.0017526792849878
196,Campylobacter fetus,0.00134396933333333,0.000858827593747042
449,Legionella hackeliae,0.000560372333333333,0.000173981778095677
505,Kingella oralis,0.000615375666666667,0.000172929258040198
546,Citrobacter freundii,0.00114208066666667,0.000605593734001049
550,Enterobacter cloacae,0.00213871933333333,0.00241399450689129
735,Haemophilus parahaemolyticus,0.00309119633333333,0.0033601981612831
920,Acidithiobacillus ferrooxidans,0.002634642,0.00224217031694562
930,Acidithiobacillus thiooxidans,0.00464796333333333,0.00367819540639609
998,Flexibacter flexilis,0.000434036666666667,5.69544288035033e-05
1076,Rhodopseudomonas palustris,0.00399916966666667,0.00336454797337329
1247,Oenococcus oeni,0.000513318666666667,9.49334781851657e-05
1255,Pediococcus pentosaceus,0.00429185066666667,0.00525877814703961
1305,Streptococcus sanguinis,0.00239313333333333,0.0013452153910186
1314,Streptococcus pyogenes,0.00198267666666667,0.00211347148422526
1341,Streptococcus ratti,0.000653690666666667,0.000141413684643083
1355,Enterococcus columbae,0.00209678566666667,0.00246875280096942
1363,Lactococcus garvieae,0.001942777,0.00214837158101828
1377,Aerococcus viridans,0.000828863666666667,0.000148379529822457
1398,Bacillus coagulans,0.000825686333333333,0.000172439659969316
1404,Bacillus megaterium,0.00175638533333333,0.00230938488587899
1405,Bacillus mycoides,0.00054088,0.000154893813359346
1422,Geobacillus stearothermophilus,0.000632931,7.87728141112148e-05
1450,Alicyclobacillus acidoterrestris,0.00131870966666667,0.000584667378874804
1464,Paenibacillus larvae,0.001849213,0.00123333762372961
1493,Clostridium cellulovorans,0.000769730666666667,0.00053469319444363
1511,[Clostridium] sticklandii,0.002062018,0.00257794576599024
1618,Lactobacillus mali,0.000747155333333333,8.79610785537179e-05
1626,Lactobacillus sharpeae,0.0012791,0.00065571423798786
1684,Bifidobacterium asteroides,0.00416141,0.00329336715434219
1737,[Eubacterium] tenue,0.000934259,0.000431701798401397
2088,Anaeroplasma bactoclasticum,0.00176819766666667,0.00139879344312387
28038,Lactobacillus curvatus,0.001111393,0.000635247012088211
28123,Porphyromonas asaccharolytica,0.00518817,0.00383304984663649
28124,Porphyromonas endodontalis,0.00188787266666667,0.00220370249475203
29524,Porphyromonas circumdentaria,0.000786040333333333,0.000218449562353266
29527,Syntrophobacter wolinii,0.00121426933333333,0.00072367579261803
33030,Peptoniphilus indolicus,0.000567764333333333,0.000235412958101999
33034,Anaerococcus prevotii,0.00102631066666667,0.000617377018429042
33889,Brevibacterium casei,0.000741737666666667,0.00032026619562847
33934,Anoxybacillus flavithermus,0.000529780333333333,0.000218186814419051
34062,Moraxella osloensis,0.00585298333333333,0.00688478367339406
36845,Clostridium intestinale,0.000727782333333333,0.000261464792651579
39498,[Eubacterium] yurii,0.000502135666666667,0.000137143373012819
41170,Exiguobacterium acetylicum,0.002144378,0.00199787615614482
43948,Tolumonas auensis,0.00162546333333333,5.6953038841956e-05
44008,Enterococcus cecorum,0.00670774333333333,0.00820841570304729
46355,Spirochaeta africana,0.00110776633333333,0.000614356602032023
47715,Lactobacillus rhamnosus,0.00112001733333333,0.000823838880993325
52561,Desulfomicrobium norvegicum,0.00370455333333333,0.00180274080359139
54565,Desulfovibrio simplex,0.00645659433333333,0.0097388035904949
59310,Streptococcus macedonicus,0.000776690666666667,3.01450765687091e-05
70995,Lewinella cohaerens,0.000545758333333333,0.00014914863829527
78346,Bifidobacterium ruminantium,0.00250628866666667,0.00179656170780336
78527,Rhizobium undicola,0.00786217,0.00731267715347122
79882,Bacillus halmapalus,0.00211239733333333,0.00200682438876981
81037,Pseudoalteromonas elyakovii,0.000883527,0.000829775198697213
81408,Geobacillus caldoxylosilyticus,0.00154268066666667,0.00145339282805762
81479,Rhodoferax antarcticus,0.00153818266666667,0.00110609270813135
82803,Trichococcus flocculiformis,0.000771281333333333,0.00026125270218762
85317,Coriobacterium sp. CCUG 33917,0.00229963133333333,0.00187625772678098
86166,Thermodesulfovibrio aggregans,0.000841702333333333,0.00070521259984797
86959,Propionispira raffinosivorans,0.000587603,0.000114039846198598
93218,Pandoraea apista,0.00213255333333333,0.000673882016107667
93680,Oerskovia sp. CIP101491,0.001388246,0.00106115698937905
97084,Halobacteriovorax marinus,0.00103963866666667,0.000381962789215564
97477,Anaerobaculum mobile,0.000950058,0.000620557287705172
102170,Desulfotomaculum sapomandens,0.000749129333333333,0.000286588247442796
103621,Actinomyces urogenitalis,0.000593926,0.000187056595296718
106648,Acinetobacter bereziniae,0.00210898166666667,0.00243990274075799
106654,Acinetobacter nosocomialis,0.001046373,0.000592895340458162
107709,Opitutus terrae,0.002904021,0.00217234662237706
118562,Arthrospira platensis,0.012248606,0.01123201998933
134536,Paraburkholderia caledonica,0.001289141,0.00076510943386747
147047,Desulfovibrio mexicanus,0.001925495,0.00217073189322426
147802,Lactobacillus iners,0.00104023733333333,0.000495246902614578
157688,Leptotrichia hofstadii,0.0006009,0.000192170183774695
160453,Enterococcus gilvus,0.0152062603333333,0.0253505432250235
160660,Acidihalobacter prosperus,0.000910698,0.000511680621254118
170367,Paenibacillus anaericanus,0.00278723666666667,0.0016966791270695
171523,Lactobacillus pantheris,0.000808180666666667,0.000614222232025456
172042,Rothia aeria,0.00269150833333333,0.00181104259520817
172045,Elizabethkingia miricola,0.001047731,0.000604527818154798
175696,Thermaerobacter subterraneus,0.000905984666666667,0.000551001828869318
184917,Desulfovibrio magneticus,0.002231531,0.00202474451281958
187145,Caldithrix abyssi,0.00151656866666667,0.00061443185095284
191495,Conexibacter woesei,0.00128433133333333,0.000575616688383279
192421,Planococcus maritimus,0.00137000066666667,0.00133230268035245
198252,Candidatus Pelagibacter ubique,0.00117296433333333,0.000708356469742695
208443,Amycolatopsis balhimycina,0.00190992633333333,0.000960650528381853
215591,Treponema caldarium,0.00137793266666667,0.00104505570199934
218284,Bacillus vietnamensis,0.00553418433333333,0.00681177546473504
219748,Clostridium tunisiense,0.00113309266666667,0.000479020530333861
225991,Comamonas aquatica,0.00365311,0.00178678204527021
232721,Acidovorax sp. JS42,0.00176333433333333,0.00140577845350764
234827,Candidatus Midichloria mitochondrii,0.00103923633333333,0.000729292201091122
247639,marine gamma proteobacterium HTCC2080,0.000921437333333333,0.000797156829052059
252966,Mahella australiensis,0.00212936966666667,0.00198706788378765
261292,Nitrosomonas sp. Is79A3,0.00203874666666667,0.00259909756127436
279832,Suttonella ornithocola,0.000589746,0.000237809927439962
291990,Thermosediminibacter oceani,0.000795713333333333,0.000132228908988668
294936,Photobacterium rosenbergii,0.001116833,0.000570161401909144
310297,Bacteroides plebeius,0.655639566666667,1.09115406417618
316068,Leadbetterella byssophila,0.000746724,0.000494917782193164
320778,Photobacterium ganghwense,0.000567764333333333,0.000235412958101999
331648,Nonlabens spongiae,0.000853957333333333,0.000693371768169381
332249,Truepera radiovictrix,0.000726643666666667,9.79473492869171e-05
343517,Paenibacillus barengoltzii,0.00108527266666667,0.000732365484277716
349221,Micavibrio aeruginosavorus,0.00168885966666667,0.00183325965426677
349931,Clostridium cavendishii,0.001289141,0.00076510943386747
379064,Cyanobacterium aponinum,0.000861424333333333,5.75443439126152e-05
381741,Lactobacillus thailandensis,0.001085802,0.000354686841723794
392015,Alicyclobacillus macrosporangiidus,0.000813850333333333,0.000139376685827772
392333,Geoalkalibacter ferrihydriticus,0.002083385,0.00246748622635082
402877,Syntrophomonas palmitatica,0.000446291666666667,4.08807180139162e-05
407188,Pelobacter seleniigenes,0.00123138766666667,0.000694039565915614
415956,Sphingobacterium composti Yoo et al. 2007,0.000544473333333333,0.000146972893556374
453816,Bdellovibrio exovorus,0.000749129333333333,0.000286588247442796
467210,Lachnoanaerobaculum saburreum,0.00141468,0.00123560395389299
480931,Lactobacillus capillatus,0.001540459,0.00124691456030997
499229,Tepidanaerobacter acetatoxydans,0.000984602,0.000639519759779164
536979,Chitinophaga niabensis,0.001574184,0.00152586801489218
544718,Arcobacter thereius,0.006188356,0.00871982076786719
547188,Phycisphaera mikurensis,0.000551835666666667,0.000268137734804957
907224,Peptoniphilus methioninivorax,0.000534717,0.000193519287483186
931533,Lactobacillus saniviri,0.0167367,0.0269399924496556
1123045,Ponticaulis koreensis,0.00106577333333333,0.000525566429895721
1131462,Dehalobacter sp. CF,0.002230383,0.00245370937738702
1133319,Bacteroides reticulotermitis,0.005143611,0.00482580409728296
1168035,Tangfeifania diversioriginum,0.00278723666666667,0.0016966791270695
1211639,Laceyella sp. CCTCC AB 2012157,0.000528935,0.000183512076147593
1346286,Dysgonomonas macrotermitis,0.00345083,0.00373286893944858
1350067,Microbacter margulisiae,0.000787590666666667,0.000219807533741074
1391653,Vulgatibacter incomptus,0.000883527,0.000829775198697213
1411150,Sphaerochaeta sp. DSM 26296,0.00193894333333333,0.000344993704048832
1521434,Enteractinococcus sp. YIM 101617,0.00175638533333333,0.00230938488587899
1827101,Eubacterium sp. JCM 9976,0.00146598666666667,0.00044975854325775
9,Buchnera aphidicola,0.001265409,0.00125356031590107
19,Pelobacter carbinolicus,0.002083718,0.0017295718730738
122,Gimesia maris,0.0012006615,0.00108936658577565
152,Treponema stenostreptum,0.000707921,0.000392526287945152
167,Treponema succinifaciens,0.620054504,0.876353490713475
193,Azospirillum lipoferum,0.0009542915,0.000740946790413792
200,Campylobacter curvus,0.00351045,0.0023583001102065
471,Acinetobacter calcoaceticus,0.0007887365,0.000187668261047253
488,Neisseria mucosa,0.001417272,0.00103879360167841
500,Thermomicrobium roseum,0.0009409445,0.000115704589712336
521,Bordetella avium,0.0008534315,0.000618942586387865
584,Proteus mirabilis,0.003268155,0.00234436303554932
638,Arsenophonus nasoniae,0.000532185,0.000164631429222977
644,Aeromonas hydrophila,0.000423068,1.03166879375118e-05
663,Vibrio alginolyticus,0.0027338215,0.00325758225106359
669,Vibrio harveyi,0.001276498,0.000629257153005033
703,Plesiomonas shigelloides,0.000649545,0.00038259709452373
714,Aggregatibacter actinomycetemcomitans,0.001359271,0.000681564670036527
738,[Haemophilus] parasuis,0.001037894,0.000463262421907929
897,Desulfococcus multivorans,0.000802883,8.1802355088347e-05
960,Bacteriovorax stolpii,0.000707921,0.000392526287945152
1006,Marivirga tractuosa,0.0012476,0.00019585443625305
1010,Sphingobacterium mizutaii,0.0006843165,5.05150013411857e-05
1026,Marinoscillum furvescens,0.0004046855,3.63134687478351e-05
1028,Marivirga sericea,0.0011284915,0.00100793616885421
1244,Leuconostoc gelidum,0.00134127,3.42239682094288e-05
1258,Peptoniphilus asaccharolyticus,0.0024193965,0.00283355152758945
1261,Peptostreptococcus anaerobius,0.0007303525,1.45897342162221e-05
1345,Streptococcus ferus,0.00077173,0.000125859350196956
1397,Bacillus circulans,0.0047531555,0.00578821276912662
1459,Sporosarcina globispora,0.000423068,1.03166879375118e-05
1462,Geobacillus kaustophilus,0.002558032,0.00263749132326307
1476,Sporosarcina psychrophila,0.002893298,0.00287449088889981
1531,[Clostridium] clostridioforme,0.005328396,0.00639696028994334
1540,Clostridioides mangenotii,0.0010730495,0.000820682979487512
1544,[Clostridium] oroticum,0.002614041,0.00255828263584812
1548,Clostridium scatologenes,0.0007613615,0.000488735943700174
1556,Gottschalkia acidurici,0.0018091475,0.00154706831995633
1601,Lactobacillus agilis,0.002818094,0.00298084540564451
1629,Weissella viridescens,0.0199270815,0.0275725237244704
1687,Bifidobacterium coryneforme,0.0012761555,0.000799107737379948
1698,Brevibacterium epidermidis,0.000846136,2.06333758750235e-05
2145,Spiroplasma taiwanense,0.001318805,2.45366053071731e-06
2150,Acholeplasma modicum,0.005054835,0.00454239032273207
2151,Mesoplasma florum,0.0009825445,7.50318076584857e-05
2350,Haliscomenobacter hydrossis,0.001016184,0.000901102940818639
2378,Sporomusa ovata,0.0024578795,0.00277912834706865
2426,Teredinibacter turnerae,0.000423068,1.03166879375118e-05
2748,Carnobacterium divergens,0.0038237,0.00280366424526904
2751,Carnobacterium maltaromaticum,0.00237215,0.000750862548806371
28049,Acidothermus cellulolyticus,0.000698352,5.98452753189423e-05
28197,Arcobacter butzleri,0.0024578795,0.00277912834706865
28212,Sphingomonas adhaesiva,0.000454256,5.44231805208038e-05
29376,Desulfotomaculum thermobenzoicum,0.0027650095,0.00321347575848029
29542,Pelobacter acetylenicus,0.0010730495,0.000820682979487512
29543,Pelobacter propionicus,0.0006767325,0.000260206103088494
32013,Comamonas terrigena,0.00249975,0.00167256209594741
35806,Rhodovulum sulfidophilum,0.0004046855,3.63134687478351e-05
36842,Clostridium halophilum,0.000651487,0.000224503574599604
37637,Corynebacterium pseudodiphtheriticum,0.000785115,0.000104671602605482
38301,Corynebacterium minutissimum,0.000562024,0.000258823709331274
40215,Acinetobacter junii,0.000574387,0.000115467708940639
40682,Sphingomonas mali,0.000423068,1.03166879375118e-05
42422,Halobacteroides halobius,0.0020875845,0.0022554521359897
43131,Tissierella praeacuta,0.0024578795,0.00277912834706865
43143,Tissierella creatinini,0.007134205,0.00748542531457298
44252,Paenibacillus macerans,0.000707921,0.000392526287945152
49185,Kineosporia aurantiaca,0.000605277,0.000319992688544598
53332,Desulfobulbus elongatus,0.0024578795,0.00277912834706865
53972,Rhodococcus corynebacterioides,0.000692465,3.21592164083642e-05
54007,Anaerococcus octavius,0.000859167,0.000249513941450172
54914,Brevibacillus parabrevis,0.000556093,0.000198442447072193
60133,Prevotella pallens,0.0010043845,0.000723576005227164
62322,Shewanella baltica,0.0004046855,3.63134687478351e-05
69395,Caulobacter henricii,0.000928614,0.000777260259161627
69895,Tindallia magadiensis,0.002672229,0.00247599237708075
72026,Helcococcus ovis,0.0004358735,8.04199613311272e-05
73098,Kluyvera georgiana,0.0012232975,0.000547502174071026
75985,Mannheimia haemolytica,0.0035856,0.00205718575850602
76489,Clostridium acetireducens,0.001969345,0.00132051484279807
76517,Campylobacter hominis,0.001301279,0.000830356907360925
76860,Streptococcus constellatus,0.000625377,0.000187578458486043
79264,Paenibacillus ehimensis,0.0024578795,0.00277912834706865
79880,Bacillus clausii,0.00813059,0.00708621403911849
80816,Haliangium ochraceum,0.0027338215,0.00325758225106359
80882,Simplicispira psychrophila,0.0010418615,0.000864789472070804
81028,Treponema brennaborense,0.001647623,0.00115410716134075
81468,Aminobacterium colombiense,0.001659715,0.000256672690502905
82375,Anaerosinus glycerini,0.0009542915,0.000740946790413792
84022,Clostridium aceticum,0.0004358735,8.04199613311272e-05
85643,Thauera sp. MZ1T,0.001747285,0.000132830008845893
86667,Jeotgalibacillus marinus,0.0016979145,0.00170437553713978
90241,Moraxella lincolnii,0.0024266915,0.00282323483965194
90245,Oligella urethralis,0.000461551,4.41064925832921e-05
90729,[Desulfobacterium] catecholicum,0.0004046855,3.63134687478351e-05
94624,Bordetella petrii,0.00147709,0.000263043722601396
100134,Anaerocolumna xylanovorans,0.001725825,0.00016317903189442
120962,Roseiflexus castenholzii,0.0008949645,0.000568832757232299
123841,Helicobacter canadensis,0.0068286315,0.00904851808840456
132919,Rhodococcus jostii,0.000454256,5.44231805208038e-05
142842,Selenihalanaerobacter shriftii,0.00228344,0.000951765727477093
146817,Dendrosporobacter quercicolus,0.000576505,0.000118463013265745
147206,Collinsella stercoris,0.000549522,0.000241143211374486
147709,Carnobacterium inhibens,0.0009082265,0.000675801042663076
148813,Sulfuricurvum kujiense,0.000895992,0.000140753847435869
151895,Pseudopedobacter saltans,0.0006188895,0.000178403748000147
157687,Leptotrichia wadei,0.001944705,0.000146364032637803
157691,Leptotrichia shahii,0.001005563,0.000403796155823703
157692,Leptotrichia goodfellowii,0.001744135,0.000430012846842975
157782,Pseudomonas parafulva,0.0008787965,6.03041876199323e-05
171404,Paenibacillus agaridevorans,0.000454256,5.44231805208038e-05
171674,Inquilinus limosus,0.0008148795,0.00045557546408965
173480,Gemmatimonas aurantiaca,0.0007129415,0.000399626347135046
178774,Bacillus luciferensis,0.00092076,9.58836795288953e-07
179467,Oxalicibacterium flavum,0.0005722455,0.000200652155763401
184064,Thermodesulfobium narugense,0.000833239,0.000124732221987745
184870,Varibaculum cambriense,0.02725866,0.0297621809886843
191579,Fluviicola taffensis,0.0031763675,0.00342006690409888
194432,Methylobacterium sp. BF10,0.0009659015,0.000777999185747967
194702,Cardiobacterium valvarum,0.001039422,0.000461101503584623
195250,Synechococcus sp. PCC 7336,0.001051687,0.00052177833647824
196024,Aeromonas dhakensis,0.001275764,0.000799661401989617
203699,Derxia gummosa,0.002667895,0.00143476915650219
206043,Actinomyces oricola,0.001747285,0.000132830008845893
208480,Actinomyces nasicola,0.0024578795,0.00277912834706865
225992,Comamonas kerstersii,0.0038237,0.00280366424526904
228229,Lactobacillus saerimneri,0.0026781165,0.00317880348457159
229204,Flavobacterium frigoris,0.000423068,1.03166879375118e-05
229545,Aster yellows witches'-broom phytoplasma,0.000594189,0.000231684951069335
233055,Desulfitobacterium dichloroeliminans,0.001849777,0.00148960953002389
238015,Lactobacillus vini,0.0009235125,0.000123542161275008
253256,Soehngenia saccharolytica,0.0011357865,0.000997619480916697
270496,Desulfovibrio putealis,0.0068785365,0.00913972779210981
283734,Staphylococcus pseudintermedius,0.002792075,0.00230650453848459
284042,Streptomyces violaceorubidus,0.002401014,0.00285954830839977
298653,Frankia sp. EAN1pec,0.000423068,1.03166879375118e-05
314282,Psychromonas sp. CNPT3,0.0010467265,0.000871669621051749
316277,Syntrophus aciditrophicus,0.000707921,0.000392526287945152
324057,Paenibacillus sp. JDR-2,0.003132115,0.00182561535873524
326544,Paraglaciecola psychrophila,0.000700626,0.000402842975882663
351604,Geobacter uraniireducens,0.0010204015,0.000834440449022277
363277,Ktedonobacter racemifer,0.0006767325,0.000260206103088494
363832,Solirubrobacter soli,0.000423068,1.03166879375118e-05
366602,Caulobacter sp. K31,0.0004046855,3.63134687478351e-05
379075,Sediminitomix flava,0.000423068,1.03166879375118e-05
388950,Pontibacter akesuensis,0.0006752225,0.000346283625775895
392412,Nubsella zeaxanthinifaciens,0.000778713,0.000135734803503007
400092,Pontibacter korlensis,0.0010245525,0.000376940947381019
415425,Flavobacterium terrae,0.0011070945,0.000868829880218504
430522,Pedobacter steynii,0.0007498665,7.80582246819642e-05
439219,Streptococcus henryi,0.0011669745,0.000953512988333405
442870,Acanthopleuribacter pedis,0.000625377,0.000187578458486043
443143,Geobacter sp. M18,0.0018685365,0.00203388446874558
461393,Actinomyces massiliensis,0.0006752225,0.000346283625775895
471511,Bifidobacterium bombi,0.002641873,0.00251892224398015
518643,Bifidobacterium mongoliense,0.0007862515,0.000103064348891845
519472,Vagococcus teuberi,0.017936535,0.0132326053842941
520080,Lactobacillus sp. KLDS 1.0713,0.001015429,0.000431492114229217
545890,Alicyclobacillus aeris,0.000461551,4.41064925832921e-05
551990,Flavobacterium glycines,0.001169473,0.000436634194742006
564835,Pedobacter koreensis,0.000696526,1.95048334522497e-05
571800,Psychrobacter sp. G,0.001098365,8.87631142423473e-05
587753,Pseudomonas chlororaphis,0.0006938575,1.15046273299053e-06
596085,Prevotella aurantiaca,0.000454256,5.44231805208038e-05
614671,Sphingosinicella vermicomposti,0.00156615,0.000388993582466344
629680,Brevibacterium sandarakinum,0.000605277,0.000319992688544598
658457,Pseudomonas composti,0.000423068,1.03166879375118e-05
762209,Bifidobacterium callitrichos,0.0007073825,5.32557472250648e-05
911092,Caldanaerobacter subterraneus,0.0005645735,0.000210435685187898
944547,Arcobacter sp. L,0.001695774,0.00186218833567177
983706,Bifidobacterium reuteri,0.001952635,0.000654151554343487
1032476,Nonomuraea soli,0.0008206085,2.19860711474333e-05
1113895,Alcanivorax sp. NBRC 102024,0.0016319,3.03490230485265e-05
1114067,Weissella sp. NBRC 107245,0.0008338465,0.000250349034558754
1124597,Magnetococcus marinus,0.0004046855,3.63134687478351e-05
1131703,Sphaerochaeta globosa,0.002401014,0.00285954830839977
1288125,Kofleria sp. DSM 53797,0.0008093705,7.26276446024515e-05
1316444,Blattabacterium sp. (Nauphoeta cinerea),0.0004046855,3.63134687478351e-05
1463889,Streptomyces sp. NRRL S-1824,0.004853383,0.00564646967930387
1490051,Anoxybacillus geothermalis,0.004853383,0.00564646967930387
1609137,Streptomyces sp. NRRL F-4428,0.0004046855,3.63134687478351e-05
1768011,Sphingobacterium sp. LMG 28764,0.0009854245,0.000178608808966691
1775539,Acidovorax sp. JCM 10072,0.00225598,0.00136456052419818
61,Vitreoscilla stercoraria,0.00124732,
83,Hyphomicrobium vulgare,0.000492739,
125,Pirellula staleyi,0.000985479,
164,Treponema pectinovorum,0.00197096,
180,Leptospirillum ferrooxidans,0.00442302,
183,Leptonema illini,0.000430363,
201,Campylobacter lari,0.000492739,
203,Campylobacter rectus,0.00207121,
215,Helicobacter fennelliae,0.000430363,
316,Pseudomonas stutzeri,0.000430363,
329,Ralstonia pickettii,0.00184121,
438,Acetobacter pasteurianus,0.000430363,
442,Gluconobacter oxydans,0.000648597,
478,Moraxella nonliquefaciens,0.0010356,
496,Neisseria macacae,0.00165336,
582,Morganella morganii,0.000415773,
587,Providencia rettgeri,0.000492739,
632,Yersinia pestis,0.00503728,
645,Aeromonas salmonicida,0.000805062,
736,Haemophilus paraphrohaemolyticus,0.00172145,
750,Gallibacterium anatis,0.000492739,
758,[Pasteurella] pneumotropica,0.000720036,
777,Coxiella burnetii,0.000430363,
779,Ehrlichia ruminantium,0.000430363,
784,Orientia tsutsugamushi,0.000758015,
861,Fusobacterium ulcerans,0.00126561,
865,Pectinatus frisingensis,0.000492739,
870,Dichelobacter nodosus,0.00165336,
891,Desulfuromonas acetoxidans,0.000430363,
913,Nitrobacter winogradskyi,0.000379008,
931,Thiobacillus thioparus,0.00330671,
990,Cytophaga xylanolytica,0.00165336,
1004,Chitinophaga sancti,0.000430363,
1017,Capnocytophaga gingivalis,0.000831546,
1063,Rhodobacter sphaeroides,0.00442302,
1066,Rhodocyclus tenuis,0.00966261,
1085,Rhodospirillum rubrum,0.000415773,
1092,Chlorobium limicola,0.000430363,
1096,Chlorobium phaeobacteroides,0.00129109,
1126,Microcystis aeruginosa,0.00172145,
1184,Leptolyngbya boryana,0.000492739,
1231,Nitrosospira multiformis,0.000860726,
1251,Leuconostoc fallax,0.00505433,
1254,Pediococcus acidilactici,0.00184016,
1275,Kocuria rosea,0.000430363,
1285,Staphylococcus intermedius,0.000805062,
1296,Staphylococcus sciuri,0.000430363,
1374,Planococcus kocurii,0.00442302,
1391,Aneurinibacillus aneurinilyticus,0.000430363,
1395,[Bacillus] caldotenax,0.00101087,
1396,Bacillus cereus,0.000656035,
1423,Bacillus subtilis,0.00442302,
1472,Paenibacillus pabuli,0.00077997,
1494,Clostridium cochlearium,0.000860726,
1498,Hathewaya histolytica,0.000874692,
1522,[Clostridium] innocuum,0.073888,
1528,Eubacterium barkeri,0.000430363,
1538,Clostridium ljungdahlii,0.00131365,
1550,Clostridium subterminale,0.000740669,
1587,Lactobacillus helveticus,0.00074504,
1588,Lactobacillus hilgardii,0.000693044,
1606,Lactobacillus aviarius,0.0246293,
1620,Weissella minor,0.000430363,
1625,Lactobacillus sanfranciscensis,0.00395122,
1639,Listeria monocytogenes,0.000929489,
1667,Arthrobacter sp.,0.000836155,
1670,Arthrobacter citreus,0.00184121,
1688,Bifidobacterium cuniculi,0.000669725,
1731,Eubacterium acidaminophilum,0.00184121,
1749,Propionibacterium jensenii,0.000430363,
1764,Mycobacterium avium,0.000430363,
1766,Mycobacterium fortuitum,0.000430363,
1828,Rhodococcus fascians,0.000430363,
2051,Mobiluncus curtisii,0.000714128,
2082,Syntrophomonas bryantii,0.00161044,
2122,Mycoplasma pirum,0.000711101,
2123,Mycoplasma putrefaciens,0.00184121,
2124,Mycoplasma salivarium,0.000694671,
2144,Spiroplasma mirum,0.00442302,
2298,Desulfobacterium vacuolatum,0.000492739,
2325,Thermoanaerobacter kivui,0.00442302,
2702,Gardnerella vaginalis,0.00290309,
2718,Cardiobacterium hominis,0.000860726,
2743,Marinobacter hydrocarbonoclasticus,0.00884604,
13276,Suttonella indologenes,0.000415773,
28064,Heliobacillus mobilis,0.000492739,
28092,Paraburkholderia andropogonis,0.0010356,
28095,Burkholderia gladioli,0.00184121,
28237,Petrotoga miotherma,0.000415773,
28264,Arcanobacterium haemolyticum,0.0010356,
28898,Campylobacter helveticus,0.000921438,
29346,[Clostridium] paradoxum,0.00111172,
29354,[Clostridium] celerecrescens,0.00492587,
29356,Clostridium chartatabidum,0.0985173,
29369,Clostridium sardiniense,0.0147776,
29374,Filifactor villosus,0.00442302,
29389,Streptococcus alactolyticus,0.000379008,
29419,Helicobacter canis,0.00165336,
29435,Pseudomonas flavescens,0.000648597,
29448,Bradyrhizobium elkanii,0.000430363,
29529,Chitinophaga arvensicola,0.000492739,
29530,Cytophaga aurantiaca,0.000379008,
29539,Thermoleophilum album,0.00442302,
29581,Janthinobacterium lividum,0.00165336,
31899,Caldicellulosiruptor bescii,0.000379008,
31943,Brevibacterium iodinum,0.00165336,
32025,Helicobacter hepaticus,0.00129109,
32046,Synechococcus elongatus,0.000430363,
32062,Deinococcus radiophilus,0.000415773,
33026,Sporolactobacillus dextrus,0.000860726,
33032,Anaerococcus lactolyticus,0.0010356,
33059,Acidithiobacillus caldus,0.000492739,
33069,Pseudomonas viridiflava,0.000921438,
33885,Microbacterium lacticum,0.000430363,
33940,Geobacillus thermodenitrificans,0.00101087,
33962,Lactobacillus kefiri,0.000865434,
33964,Leuconostoc citreum,0.00215181,
33968,Leuconostoc pseudomesenteroides,0.000492739,
34017,Rhodobium orientis,0.000492739,
34105,Streptobacillus moniliformis,0.000694671,
35621,Streptomyces mobaraensis,0.00099552,
35751,Sporichthya polymorpha,0.000430363,
35786,Coprothermobacter proteolyticus,0.000648597,
35791,Rickettsia massiliae,0.000860726,
35816,Pelobacter acidigallici,0.000693044,
35835,Hydrogenobacter hydrogenophilus,0.000740669,
36861,Thiobacillus denitrificans,0.00165336,
37372,Helicobacter bilis,0.000430363,
37692,Candidatus Phytoplasma mali,0.0010356,
37919,Rhodococcus opacus,0.00101087,
37923,Kocuria kristinae,0.000694671,
39766,Sulfurimonas denitrificans,0.000860726,
39768,Blattabacterium sp. (Mastotermes darwiniensis),0.000379008,
39774,Methylomicrobium agile,0.000430363,
40216,Acinetobacter radioresistens,0.000660271,
40543,Sneathia sanguinegens,0.00322087,
41276,Brevundimonas vesicularis,0.000656823,
42096,Ureaplasma gallorale,0.00131707,
43263,Pseudomonas alcaligenes,0.000430363,
43989,Cyanothece sp. ATCC 51142,0.00161044,
44674,Sulfurospirillum barnesii,0.00165336,
44933,Halomonas cupida,0.00161044,
45070,Legionella nautarum,0.000379008,
45071,Legionella parisiensis,0.00184121,
45670,Salinicoccus roseus,0.000492739,
46240,Paenibacillus apiarius,0.00442302,
46610,Geobacter sp.,0.000430363,
46914,Devosia riboflavina,0.00184121,
47055,Dethiosulfovibrio peptidovorans,0.000415773,
48076,Marinobacterium georgiense,0.000415773,
49338,Desulfitobacterium hafniense,0.00184121,
50960,Helicobacter trogontum,0.000430363,
51161,Actinobacillus delphinicola,0.000720036,
51229,Wigglesworthia glossinidia,0.000430363,
51367,Salinivibrio costicola,0.000415773,
51663,Pediococcus damnosus,0.000710318,
52765,Caldicellulosiruptor kristjanssonii,0.0010356,
53412,Pseudomonas resinovorans,0.000492739,
53446,Streptomyces cinnamoneus,0.00184121,
53635,Acidimicrobium ferrooxidans,0.00101087,
55148,Deinococcus proteolyticus,0.00129109,
55214,Brenneria salicis,0.00161044,
56460,Xanthomonas vesicatoria,0.000415773,
57706,Citrobacter braakii,0.00077997,
58172,Paenibacillus sp.,0.000430363,
59839,Paenibacillus alginolyticus,0.000711101,
59846,Paenibacillus chibensis,0.00184121,
60217,Shewanella violacea,0.00116113,
60478,Shewanella amazonensis,0.00129109,
60893,Desulfobacca acetoxidans,0.0010356,
64002,Nevskia ramosa,0.000430363,
64178,Coleofasciculus chthonoplastes,0.000492739,
64471,Synechococcus sp. CC9311,0.000492739,
64642,Tetragenococcus muriaticus,0.00074504,
64973,Terasakiella pusilla,0.00184121,
66084,Wolbachia sp. wRi,0.000430363,
66875,Streptomyces catenulae,0.000430363,
66886,Streptomyces fasiculatus,0.00442302,
68219,Streptomyces iakyrus,0.00442302,
68251,Streptomyces paraguayensis,0.000836155,
68909,Deinococcus geothermalis,0.000430363,
69359,Thiohalocapsa halophila,0.00101087,
70864,Shewanella pealeana,0.00290309,
73919,Thermaerobacter marianensis,0.000492739,
76007,Desulfovibrio senezii,0.0206574,
76759,Pseudomonas monteilii,0.000616854,
77098,Halomonas pacifica,0.000379008,
78057,Paenibacillus popilliae,0.0010356,
78259,Scardovia inopinata,0.000805062,
78448,Bifidobacterium pullorum,0.000430363,
78587,Asticcacaulis excentricus,0.00290309,
79263,Paenibacillus chitinolyticus,0.000492739,
81409,Eubacterium aggregans,0.00131707,
81425,Desulfovibrio aminophilus,0.00077997,
81467,Aminobacterium mobile,0.00221823,
82135,Atopobium vaginae,0.000430363,
82203,Centipeda periodontii,0.000985479,
82801,Desemzia incerta,0.000921438,
83456,Myxococcus virescens,0.000430363,
83656,Streptomyces tsukubensis,0.000720036,
84029,Clostridium roseum,0.00131707,
84031,Clostridium sartagoforme,0.00985173,
84032,[Clostridium] thermosuccinogenes,0.0147776,
84037,Syntrophococcus sucromutans,0.000796464,
84110,Slackia heliotrinireducens,0.000430363,
84163,Cryptobacterium curtum,0.000710318,
84483,Alcanivorax sp. K2-1,0.000430363,
84980,Desulfotalea psychrophila,0.00165336,
85336,Rothia nasimurium,0.00184121,
85338,Rothia sp. CCUG 25688,0.000860726,
85874,Thermacetogenium phaeum,0.00884604,
86103,Idiomarina zobellii,0.000492739,
86170,Syntrophothermus lipocalidus,0.00165336,
86265,Pseudomonas thivervalensis,0.000805062,
86668,Bacillus niacini,0.00442302,
86957,Selenomonas lacticifex,0.000985479,
86958,Propionispira paucivorans,0.00492587,
88233,Lactobacillus manihotivorans,0.000920082,
88364,Psychromonas marina,0.000831546,
88688,Caulobacter segnis,0.00290309,
89959,Natronincola histidinovorans,0.000415773,
92835,Microbacterium ketosireducens,0.000415773,
94254,Dyadobacter fermentans,0.000430363,
96228,Legionella drozanskii,0.000379008,
101383,Cryomorpha ignava,0.00074504,
101564,Pseudomonas alcaliphila,0.000492739,
102127,Geitlerinema sp. PCC 7105,0.00129109,
104099,Acetobacter orleanensis,0.000430363,
104663,Chitinophaga filiformis,0.000430363,
109790,Lactobacillus jensenii,0.000669725,
114652,Streptococcus orisratti,0.000492739,
114692,Streptomyces yogyakartensis,0.000430363,
115783,Geobacter thiogenes,0.00184121,
116089,Lactobacillus psittaci,0.000430363,
118675,Chroococcidiopsis sp. PCC 6712,0.00442302,
118748,Bulleidia extructa,0.000555942,
121039,Ferrimicrobium acidiphilum,0.000693044,
123822,[Haemophilus] felis,0.00165336,
125614,Thiothrix disciformis,0.000758015,
128802,Albibacter methylovorans,0.000430363,
131112,Arcanobacterium phocae,0.00414242,
132476,Pseudomonas kilonensis,0.00165336,
132925,Clostridium bowmanii,0.000430363,
134537,Paraburkholderia fungorum,0.00161044,
135079,Selenomonas dianae,0.000656035,
137357,Lactobacillus equi,0.00985173,
139808,Shimazuella kribbensis,0.000492739,
150055,Streptococcus lutetiensis,0.000492739,
151781,Lactobacillus intestinalis,0.00074504,
151894,Pedobacter africanus,0.00074504,
152260,Chloroflexus aggregans,0.000430363,
153493,Conchiformibius steedae,0.000430363,
153721,Sporocytophaga myxococcoides,0.000430363,
156978,Corynebacterium imitans,0.000629477,
156994,Reichenbachiella agariperforans,0.000860726,
157268,Helicobacter winghamensis,0.000430363,
157838,Bacillus shackletonii,0.00290309,
159346,Roseibacterium elongatum,0.000693044,
159896,Microbacterium gubbeenense,0.000430363,
161493,Anaeromyxobacter dehalogenans,0.000492739,
161889,Corynebacterium lipophiloflavum,0.000430363,
161902,Corynebacterium sundsvallense,0.000415773,
163011,Pseudomonas lini,0.00077997,
163359,Acidiferrobacter thiooxydans,0.000430363,
163665,Dysgonomonas mossii,0.00184121,
165813,Sporanaerobacter acetigenes,0.00184121,
167644,Ilyobacter tartaricus,0.000648597,
168275,Psychromonas arctica,0.000430363,
171398,Paenibacillus sp. DSM 1352,0.00184121,
171399,Paenibacillus sp. DSM 6358,0.000492739,
171400,Paenibacillus sp. DSM 1482,0.000430363,
173959,Brevibacillus invocatus,0.000929489,
175628,Gordonia paraffinivorans,0.00184121,
182210,Desulfovibrio aespoeensis,0.000430363,
182270,Aurantimonas coralicida,0.000430363,
187452,Pediococcus claussenii,0.00101087,
187491,Corynebacterium glaucum,0.000415773,
189381,Bacillus marisflavi,0.00202173,
189426,Paenibacillus odorifer,0.000985479,
191295,Alcaligenes sp. VKM B-2263,0.00503728,
191298,Pseudomonas sp. VKM B-2265,0.00290309,
191960,Sedimenticola selenatireducens,0.000379008,
194867,Sphingomonas sp. ATCC 31555,0.000415773,
195248,Synechococcus sp. PCC 8807,0.00074504,
195253,Synechococcus sp. PCC 6312,0.000430363,
197162,Deferribacter desulfuricans,0.000860726,
202604,Moorella mulderi,0.00184121,
202611,Lysinibacillus odysseyi,0.00151603,
202956,Acinetobacter towneri,0.000656823,
203471,Tepidiphilus margaritifer,0.00215181,
204463,Comamonadaceae bacterium PIV-3D,0.00184121,
205941,Salinibacterium amurskyense,0.00074504,
208226,Alkaliphilus metalliredigens,0.00165336,
210995,Scytonema sp. IAM M-262,0.000492739,
212663,Vibrio tasmaniensis,0.000415773,
215803,Enhygromyxa salina,0.00442302,
216874,Mesoplasma corruscae,0.000694671,
216941,Spiroplasma leptinotarsae,0.00099552,
216946,Spiroplasma turonicum,0.000379008,
217204,Achromobacter insolitus,0.000430363,
220684,Bacillus drentensis,0.00442302,
220688,Bacillus soli,0.00101087,
220714,Fructobacillus pseudoficulneus,0.000693044,
225004,Treponema berlinense,0.0024637,
225144,Oceanisphaera litoralis,0.000415773,
225327,Nesterenkonia xinjiangensis,0.000860726,
226505,Algoriphagus halophilus,0.000430363,
227944,Lactobacillus kalixensis,0.000430363,
231447,Desulfobulbus japonicus,0.000492739,
238012,Lactobacillus tucceti,0.00077997,
240427,Lactobacillus paracollinoides,0.00492587,
242750,Prevotella bergensis,0.00116113,
244596,Hoeflea phototrophica,0.000430363,
249402,Cardinium endosymbiont of Encarsia pergandiella,0.000430363,
273164,Pontibacillus marinus,0.000415773,
273528,Exiguobacterium marinum,0.000860726,
278990,Brevibacillus levickii,0.000713374,
279360,Roseivirga ehrenbergii,0.000379008,
285106,Tepidimicrobium ferriphilum,0.00110911,
285110,Carboxydocella sporoproducens,0.00442302,
286730,Alkaliflexus imshenetskii,0.000430363,
290309,Comamonas granuli,0.00184121,
290400,Jannaschia sp. CCS1,0.000836155,
293256,Desulfovibrio alkalitolerans,0.00129109,
296218,Roseivirga echinicomitans,0.000430363,
299567,Adhaeribacter aquaticus,0.000921438,
302044,Nesterenkonia halophila,0.000430363,
304268,Bacillus alkalitelluris,0.00101087,
307126,Lactobacillus apodemi,0.00492587,
311230,Paraburkholderia terrae,0.000711101,
313985,Geobacter lovleyi,0.000430363,
319236,Nonlabens sediminis,0.000430363,
319475,Clostridium lundense,0.00161044,
321318,Dietzia cinnamea,0.000379008,
322509,Dietzia kunjamensis,0.0010356,
333297,Methylobacterium adhaesivum,0.000758015,
334424,Hymenobacter rigui,0.0010356,
336261,Thermovirga lienii,0.000430363,
336989,Pontibacter roseus,0.000430363,
338188,Bacteroides finegoldii,0.0591104,
340146,Exiguobacterium mexicanum,0.00101087,
341694,Peptostreptococcus stomatis,0.00165336,
361277,Terribacillus saccharophilus,0.00442302,
361872,Helicobacter equorum,0.00330671,
366616,Haematobacter missouriensis,0.00290309,
367806,Blattabacterium sp. (Blatta orientalis),0.000758015,
370736,Zhihengliuella halotolerans,0.000379008,
372787,Fischerella thermalis,0.000430363,
373668,Chryseobacterium ureilyticum,0.000492739,
375929,Natranaerobius thermophilus,0.00503728,
380393,Lactobacillus namurensis,0.000860726,
383631,Methylophilales bacterium HTCC2181,0.00161044,
385682,Thermophagus xiamenensis,0.000492739,
390884,Echinicola vietnamensis,0.000415773,
392597,Piscinibacter aquaticus,0.00161044,
392734,Terriglobus roseus,0.000379008,
393921,Porphyromonas crevioricanis,0.00442302,
396716,Lactobacillus hayakitensis,0.000492739,
396812,Fulvivirga kasyanovii,0.00290309,
398555,Lactobacillus composti,0.00101087,
399363,Salinicoccus kunmingensis,0.000492739,
399736,Agrococcus jejuensis,0.000492739,
403962,Azospirillum canadense,0.000865434,
414778,Planococcus donghaensis,0.000492739,
420952,Paraburkholderia bryophila,0.000629477,
434086,Porticoccus litoralis,0.00442302,
436114,Sulfurihydrogenibium sp. YO3AOP1,0.000492739,
437503,Hahella antarctica,0.00161044,
437505,Granulosicoccus antarcticus,0.000415773,
441501,Corynebacterium massiliense,0.00442302,
442954,Knoellia aerolata,0.000492739,
444923,Rhodoplanes piscinae,0.000492739,
446683,Niabella soli,0.000379008,
452982,Roseomonas aerilata,0.000415773,
453963,Microbulbifer halophilus,0.000415773,
454600,Gracilimonas tropica,0.000430363,
460870,Lactobacillus nodensis,0.0030326,
465721,Steroidobacter denitrificans,0.000430363,
467094,Ilumatobacter coccineus,0.000379008,
470842,Streptomyces sp. YIM C513,0.000430363,
471827,Candidatus Desulforudis audaxviator,0.00161044,
475299,Algoriphagus aquaeductus,0.000430363,
477641,Modestobacter marinus,0.000430363,
479117,Brevibacterium ravenspurgense,0.00290309,
480930,Lactobacillus odoratitofui,0.00101087,
481366,Limnobacter litoralis,0.00129109,
490189,Flavobacterium caeni,0.00129109,
497724,Campylobacter subantarcticus,0.000379008,
501482,Agrococcus versicolor,0.00161044,
503170,Salisaeta longa,0.000831546,
511435,Candidatus Azobacteroides pseudotrichonymphae,0.00110695,
515897,Pontibaca methylaminivorans,0.000929489,
520085,Lactobacillus sp. KLDS 1.0718,0.00401835,
521157,Weissella sp. KLDS 7.0701,0.0111195,
522298,Niabella ginsengisoli,0.000430363,
525917,Thiothrix lacustris,0.00165336,
529703,Adhaeribacter terreus,0.000860726,
540746,Rudaea cellulosilytica,0.00985173,
540988,Thermus islandicus,0.000379008,
546160,Dietzia lutea,0.000415773,
546871,Friedmanniella luteola,0.0010356,
553611,Photobacterium leiognathi,0.000831546,
555313,Phocaeicola abscessus,0.00184121,
564288,Desulfonauticus autotrophicus,0.000492739,
566027,Micrococcus yunnanensis,0.00442302,
570161,Marinifilum fragile,0.000492739,
573062,Thermoanaerobacter sp. X513,0.00099552,
574930,Parabacteroides gordonii,0.0344811,
579160,Halomonas sp. YIM 90512,0.00165336,
582851,Oceanobacillus sojae,0.00290309,
588932,Brevundimonas naejangsanensis,0.00442302,
593401,Desulfovibrio sp. VKM B-2200,0.00172145,
626930,Bacteroides fluxus,0.379292,
626931,Bacteroides oleiciplenus,0.610807,
626932,Alistipes indistinctus,0.0197035,
633813,Rhodothermus profundi,0.000492739,
634765,Cocleimonas flava,0.000985479,
634771,Chitinophaga eiseniae,0.000715205,
659243,Bacillus siamensis,0.000740669,
669462,Paenibacillus pinihumi,0.00442302,
669502,Candidatus Profftella armatura,0.000860726,
671224,Selenomonas artemidis,0.000430363,
682179,Bacillus luteolus,0.00184121,
687842,Pedobacter ginsenosidimutans,0.00147822,
696763,Thermasporomyces composti,0.000492739,
743722,Sphingobacterium sp. 21,0.000492739,
744985,alpha proteobacterium HIMB59,0.000415773,
754436,Photobacterium aphoticum,0.00165336,
755172,Peptoniphilus coxii,0.00161012,
797291,Sphingobacterium lactis,0.000682734,
797292,Sphingobacterium alimentarium,0.000492739,
863372,Herbaspirillum huttiense,0.000379008,
882139,Bacillus sp. IHB B 2291,0.000430363,
882141,Bacillus sp. IHB B 2296,0.00290309,
933063,Dichotomicrobium thermohalophilum,0.00184121,
948676,Nitrosomonas sp. JPCCT2,0.000430363,
980254,Roseimaritima ulvae,0.000430363,
999183,Arcanobacterium canis,0.160519,
1003090,Methylobacterium sp. T5,0.000379008,
1005741,Saprospiraceae bacterium KMM 9006,0.000492739,
1070421,Weissella fabalis,0.000430363,
1097668,Burkholderia sp. YI23,0.000860726,
1113614,Paenibacillus sp. NBRC 13630,0.000656823,
1113617,Paenibacillus sp. NBRC 13637,0.00165336,
1113645,Runella sp. NBRC 15147,0.000430363,
1113741,Bacillus sp. NBRC 101250,0.000714128,
1113744,Bacillus sp. NBRC 101253,0.00442302,
1113768,Hymenobacter sp. NBRC 101361,0.000430363,
1113785,Brochothrix sp. NBRC 101651,0.00389985,
1114022,Lactobacillus sp. NBRC 107199,0.000710318,
1114040,Weissella sp. NBRC 107217,0.00808693,
1114092,Weissella sp. NBRC 107272,0.00101087,
1122943,Pedobacter oryzae,0.000920082,
1144748,Kangiella sediminilitoris,0.000831546,
1158338,Persephonella sp. IF05-L8,0.000379008,
1162717,Streptobacillus hongkongensis,0.000415773,
1168034,Draconibacterium orientale,0.00165336,
1173264,Leptolyngbya sp. PCC 6406,0.0144939,
1177732,Varibaculum sp. CCUG 45271,0.0010356,
1184387,Mesotoga prima,0.000985479,
1186051,Blattabacterium sp. (Blaberus giganteus),0.000629477,
1194090,Aliifodinibius roseus,0.00110911,
1203471,Geobacter daltonii,0.000860726,
1206085,Jatrophihabitans endophyticus,0.000693044,
1221450,Bacillus abyssalis,0.00442302,
1265707,Polaribacter sp. KMM 6698,0.000415773,
1288392,Moraxella porci,0.00165336,
1329370,Halomonas qiaohouensis,0.000430363,
1335757,Spiribacter sp. UAH-SP71,0.000710318,
1365176,Thermofilum sp. 1910b,0.00492587,
1385387,Streptococcus sp. MR-1949,0.000629477,
1385389,Streptococcus sp. MR-1951,0.00165336,
1391911,Micrococcus aloeverae,0.000714128,
1427356,Hyphomicrobium nitrativorans,0.000492739,
1463837,Streptomyces sp. NRRL B-3253,0.000415773,
1463840,Streptomyces sp. NRRL F-2305,0.00442302,
1485585,Cecembia rubra,0.000415773,
1550609,Rheinheimera japonica,0.000714128,
1566358,Paenibacillus sp. IHBB 10380,0.00442302,
1579979,Wenzhouxiangella marina,0.00215181,
1586267,Apibacter mensalis,0.000629477,
1608994,Pseudomonas weihenstephanensis,0.00368575,
1644123,Paenibacillaceae bacterium YIM 71082,0.00147822,
1646377,Rouxiella sp. 323,0.00276024,
1661050,Pseudomonas sp. NBRC 111135,0.000629477,
1755626,Faecalibacterium sp. MC_41,0.999951,
1811976,Bacillus sp. KCTC 13219,0.00503728,
1827099,Peptoniphilus sp. JCM 8141,0.00110911,
1859291,Corynebacterium sp. YIM 101587,0.000714128,
1870819,Paenibacillus sp. BIHB4019,0.00165336,
1870820,Paenibacillus sp. IHBB 9852,0.000430363,
