817,Bacteroides fragilis,1.087348425,2.15795958960558
818,Bacteroides thetaiotaomicron,2.114789,2.55989443557866
820,Bacteroides uniformis,5.0764945,3.1520560368898
821,Bacteroides vulgatus,16.19775735,15.7986386762136
823,Parabacteroides distasonis,0.9603526275,1.41855303892921
853,Faecalibacterium prausnitzii,1.00208995,1.57954865974253
1018,Capnocytophaga ochracea,0.0054099225,0.00523249279334361
1264,Ruminococcus albus,0.400117495,0.738422149475015
1303,Streptococcus oralis,0.1529034325,0.287700804857763
1304,Streptococcus salivarius,0.05154839875,0.0443394558309415
1307,Streptococcus suis,0.0181563625,0.025673321917119
1308,Streptococcus thermophilus,0.00973056375,0.00431278228120925
1343,Streptococcus vestibularis,0.04935992,0.0555103118260611
1352,Enterococcus faecium,0.057378323375,0.139036209935215
1358,Lactococcus lactis,0.007611716,0.00714826926097316
1379,Gemella haemolysans,0.007348982375,0.00894433137337207
1512,[Clostridium] symbiosum,0.218015025,0.146016495728019
1515,Ruminiclostridium thermocellum,0.065995375,0.107238537914116
1535,[Clostridium] leptum,1.03995762375,2.53597255340843
1547,Erysipelatoclostridium ramosum,0.32402277725,0.8071066080362
1681,Bifidobacterium bifidum,0.0617905625,0.0820477687033026
28026,Bifidobacterium pseudocatenulatum,0.49864796475,0.72287301737582
28037,Streptococcus mitis,0.07139655375,0.0848229012576949
28111,Bacteroides eggerthii,0.24466171125,0.251475978958765
28116,Bacteroides ovatus,1.095552875,1.02948473682135
28117,Alistipes putredinis,2.304774125,2.98620403551735
28118,Odoribacter splanchnicus,0.65289159,0.556130693263714
29375,[Clostridium] xylanolyticum,0.07630743375,0.108792573589962
29466,Veillonella parvula,0.471210277375,1.04425303472194
31971,[Eubacterium] dolichum,0.102439115,0.159219100166833
33031,Peptoniphilus lacrimalis,0.1981393625,0.214490736508915
33038,[Ruminococcus] gnavus,0.19576909875,0.464053074500384
36847,[Clostridium] neopropionicum,0.1597759925,0.198825031038524
36874,Porphyromonas cangingivalis,0.002171269625,0.00136506957257988
39488,[Eubacterium] hallii,0.1012729,0.0683593506479023
39491,[Eubacterium] rectale,0.0812799875,0.0548313241760176
39492,[Eubacterium] siraeum,0.02149152125,0.0444447637830881
39777,Veillonella atypica,0.56122202625,1.55364101864137
39778,Veillonella dispar,0.3022004425,0.761213220492263
40518,Ruminococcus bromii,0.434617395,1.06988595918553
40520,Blautia obeum,0.118765625,0.0828879750633649
41976,Porphyromonas catoniae,0.00774423875,0.00685162570346929
45254,Dysgonomonas capnocytophagoides,0.233108555875,0.653251860729208
46503,Parabacteroides merdae,2.690996415,3.86495921554617
46506,Bacteroides stercoris,3.075193725,4.77348175494501
47246,[Clostridium] viride,0.03286001125,0.0218179053461374
47678,Bacteroides caccae,0.573986525,0.886876623432819
52226,Mitsuokella multacida,0.22852522375,0.588164603596714
53443,Blautia hydrogenotrophica,0.04209215125,0.0751420756858955
61635,Acholeplasma brassicae,0.080662613625,0.196335082566528
69825,[Clostridium] indolis,0.253570075,0.283133785612046
74426,Collinsella aerofaciens,0.06143887725,0.0937966272216975
84026,[Clostridium] methylpentosum,0.2153956275,0.435305596895245
84030,[Clostridium] saccharolyticum,0.3164172325,0.398126941965887
84112,Eggerthella lenta,0.09384235875,0.0751809372224818
85831,Bacteroides acidifaciens,0.1508752375,0.105672574291034
88431,Dorea longicatena,0.08415991875,0.0639661480783276
89014,Blautia luti,0.135798675,0.155936221325128
115979,Bacillus nealsonii,0.02226610125,0.0299768166239457
154046,Hungatella hathewayi,0.28218671875,0.412588863224408
165179,Prevotella copri,0.01483044225,0.0183001420526465
166486,Roseburia intestinalis,0.0170574475,0.0226210636096662
169435,Anaerotruncus colihominis,0.2573483375,0.239151722016332
180311,Hespellia stercorisuis,0.1394534875,0.141795277309229
185300,Paludibacter propionicigenes,0.007156715,0.00414667065385852
187327,Acidaminococcus intestini,1.74686942125,2.61476261139319
204516,Bacteroides massiliensis,0.881845825,2.05894148770686
208479,[Clostridium] bolteae,0.180788575,0.0628862069316078
214856,Alistipes finegoldii,0.338484685,0.443958326041467
216816,Bifidobacterium longum,0.89394634,1.27542595197589
218538,Dialister invisus,0.9911317675,1.53872809190402
239935,Akkermansia muciniphila,2.50981841875,4.05045935602178
246787,Bacteroides cellulosilyticus,0.0883295,0.0846565343837928
291644,Bacteroides salyersiae,0.0063716325,0.00460513913053279
291645,Bacteroides nordii,0.16530902125,0.181754076301322
328812,Parabacteroides goldsteinii,0.03786814,0.0522843293845672
328813,Alistipes onderdonkii,3.3145992625,6.55331881642278
328814,Alistipes shahii,0.59009685,0.682524988862562
329854,Bacteroides intestinalis,0.1096119625,0.129172496025497
351091,Oscillibacter valericigenes,0.603075025,0.585398138107551
357276,Bacteroides dorei,2.364556,5.77114218641628
358742,[Clostridium] aldenense,0.20492089125,0.194830773077386
358743,[Clostridium] citroniae,0.1932168325,0.318938682515834
371601,Bacteroides xylanisolvens,2.4759582125,3.69710536766482
376804,Bacteroides barnesiae,0.0173338225,0.00964816333604744
397865,Barnesiella viscericola,0.5212887325,0.714302613598813
626937,Christensenella minuta,0.10190675125,0.144586305859652
633701,Prevotella saccharolytica,0.003203986625,0.00235901967491516
671267,Bacteroides sartorii,0.01653264375,0.0241362106281673
691816,Bacteroides rodentium,0.00975731,0.00383138749490871
732242,Bacteroides paurosaccharolyticus,0.00359881325,0.0029782764235211
745368,Gemmiger formicilis,0.021817207875,0.027056346003079
871324,Bacteroides stercorirosoris,0.0320279875,0.0112409932436643
1297750,Bacteroides luti,4.653685,3.05542637293063
1465754,Alistipes timonensis,0.17806367625,0.242383021603931
293,Brevundimonas diminuta,0.00187933431428571,0.0011834681662288
562,Escherichia coli,0.460159064142857,0.545303257936843
839,Prevotella ruminicola,0.00289317042857143,0.0023727453374719
905,Acidaminococcus fermentans,1.04925826428571,2.58327604764384
996,Flavobacterium columnare,0.00298553657142857,0.00392057939912469
1265,Ruminococcus flavefaciens,0.0133356914285714,0.0196956414769321
1322,Blautia hansenii,0.0237675285714286,0.032889007648435
1335,Streptococcus equinus,0.0235577785714286,0.048090369469491
1507,Clostridium sp. ATCC 29733,0.230305848571429,0.555787028838801
1532,Blautia coccoides,0.0956271785714286,0.188783025336986
1559,Clostridium tertium,0.00486838714285714,0.0024484503921645
1590,Lactobacillus plantarum,0.002517496,0.0036211457129839
1599,Lactobacillus sakei,0.00163195888571429,0.00131048270462779
1660,Actinomyces odontolyticus,0.00801816271428571,0.0100487197652417
1685,Bifidobacterium breve,0.474952494,1.05480510886844
1686,Bifidobacterium catenulatum,0.443332465714286,0.357789308162739
28125,Prevotella bivia,0.00279642071428571,0.00267065002502229
28446,[Clostridium] propionicum,0.116295924285714,0.0999111116931785
29347,[Clostridium] scindens,0.00469281371428571,0.00515582548380945
29348,[Clostridium] spiroforme,0.0499960085714286,0.0441476536431052
29360,Cellulosilyticum lentocellum,0.0431244214285714,0.0897322374631452
29363,Clostridium paraputrificum,0.00831493542857143,0.00760001726959527
35833,Bilophila wadsworthia,0.0677715008571429,0.0581883908475617
36835,[Clostridium] colinum,0.00889251857142857,0.006151926972693
37734,Enterococcus casseliflavus,0.013838568,0.017014619301544
39484,Eubacterium desmolans,0.113721971428571,0.135010106605169
39494,[Eubacterium] tortuosum,0.0129706568571429,0.0269825666293836
39496,Eubacterium ventriosum,0.0600112342857143,0.0819764045841145
44749,Sporobacter termitidis,0.0288521385714286,0.0517912821821866
46124,Granulicatella adiacens,0.0188434157142857,0.0195413153508055
58138,Desulfotomaculum acetoxidans,0.00209752428571429,0.0018791488744207
61171,Holdemania filiformis,0.0818017542857143,0.0620960325100026
100884,Coprobacillus cateniformis,0.0439173414285714,0.0937256446536854
103892,Veillonella ratti,0.0195143438571429,0.0223494626754161
107580,Bacteroides sp. CIP103040,0.00980625957142857,0.00647774206060553
158787,Bifidobacterium scardovii,0.0883514228571429,0.123680699380236
158847,Megamonas hypermegale,0.449347658285714,1.18159506989668
214853,Anaerofustis stercorihominis,0.00188811614285714,0.00196610957547288
234908,Sutterella stercoricanis,0.561146546571429,0.629025780215179
301301,Roseburia hominis,0.00807664571428571,0.00660397281955303
301302,Roseburia faecis,0.470653004285714,1.19225453762153
308994,Dialister propionicifaciens,0.0941513157142857,0.198751157903179
309120,Dialister micraerophilus,0.0162413994285714,0.0366736132629
310298,Bacteroides coprocola,0.172250888571429,0.410916938678263
332163,Candidatus Solibacter usitatus,0.00183058771428571,0.00126265950002164
360807,Roseburia inulinivorans,0.0779182457142857,0.112459161491418
376806,Bacteroides gallinarum,0.0780324504285714,0.199060027970545
387090,Bacteroides coprophilus,0.00402274142857143,0.00220378414692719
387661,Parabacteroides johnsonii,0.300191941714286,0.524219928849609
410072,Coprococcus comes,0.113256952857143,0.137663861823504
471189,Gordonibacter pamelaeae,0.00571566857142857,0.00281579021743115
477666,Bacteroides graminisolvens,0.00885900142857143,0.00354459181381735
679249,Lactobacillus floricola,0.00401431685714286,0.00573934494474725
762211,Bifidobacterium stellenboschense,0.00796821542857143,0.00827324688974867
762212,Bifidobacterium biavatii,0.202758675714286,0.261420480866735
1110546,Veillonella tobetsuensis,0.0961221442857143,0.226959649335902
1161942,Ruminococcus champanellensis,0.288220438571429,0.725745381814959
1203033,Lactobacillus hominis,0.0185359238571429,0.0416414381358672
851,Fusobacterium nucleatum,0.0429861383333333,0.057228398952363
876,Desulfovibrio desulfuricans,0.0172086761666667,0.0145719076437825
907,Megasphaera elsdenii,1.49103704816667,2.55895879739962
1302,Streptococcus gordonii,0.0152874908333333,0.0179080067845214
1313,Streptococcus pneumoniae,0.017534653,0.027777007285528
1354,Enterococcus hirae,0.0102608641666667,0.00829408638572954
1356,Enterococcus sulfureus,0.0030394115,0.00229550298101952
1404,Bacillus megaterium,0.001166168,0.00094621904955861
1504,Clostridium septicum,0.00534340333333333,0.00296301262388581
1520,Clostridium beijerinckii,0.001954609,0.00162796256540131
1530,Clostridium carnis,0.280416444666667,0.299539146945766
1563,Desulfosporosinus orientis,0.000855330333333333,0.000802987193682606
1598,Lactobacillus reuteri,0.0325953615,0.0652166820973354
1680,Bifidobacterium adolescentis,0.1361163,0.107195256154813
1683,Bifidobacterium angulatum,0.0200310366666667,0.0167278497442817
1687,Bifidobacterium coryneforme,0.00204858316666667,0.00119945310664493
1689,Bifidobacterium dentium,0.163866316666667,0.187720876091887
1691,Bifidobacterium indicum,0.0523301333333333,0.0391815428514839
1694,Bifidobacterium pseudolongum,0.113441398333333,0.191583477869407
28119,Bacteroides zoogleoformans,0.00241695983333333,0.00197592666617063
28447,Clavibacter michiganensis,0.0348768216666667,0.03933056077138
28901,Salmonella enterica,0.0124880383333333,0.0175562595836305
33039,[Ruminococcus] torques,0.0212117316666667,0.020766469844532
33954,Clostridium magnum,0.000908151166666667,0.000673661275318514
33959,Lactobacillus johnsonii,0.496326194833333,1.19872567194123
35517,[Eubacterium] brachy,0.00238815683333333,0.00202865036984892
35760,Bifidobacterium choerinum,0.0163774416666667,0.0141101788670596
35785,Clostridium maximum,0.00360512483333333,0.00273775528328888
36745,Clostridium saccharoperbutylacetonicum,0.00162681566666667,0.00137600573364309
36849,Oxobacter pfennigii,0.001276897,0.00057389462620171
39485,[Eubacterium] eligens,0.0883231783333333,0.152383300072611
39486,Dorea formicigenerans,0.00728904016666667,0.0131256303021285
40519,Ruminococcus callidus,0.038932075,0.0780722791895556
44742,Desulfovibrio fairfieldensis,0.0065695085,0.011499071256767
46228,Ruminococcus lactaris,0.0076061525,0.0125903631618646
52787,Anaerofilum pentosovorans,0.00211902966666667,0.00159068087332961
58134,[Desulfotomaculum] guttoideum,0.240840336333333,0.518897291393899
78345,Bifidobacterium merycicum,0.276040716666667,0.291628152685679
100176,Papillibacter cinnamivorans,0.00131825,0.00117818194679209
102148,Solobacterium moorei,0.0159003483333333,0.0191862349233646
105841,Anaerostipes caccae,0.0259049731666667,0.0552524381727933
114702,Actinomyces lingnae,0.00699594166666667,0.00521530761882908
133453,Caldilinea aerophila,0.00178009116666667,0.00121621297051929
137732,Granulicatella elegans,0.00455434133333333,0.00495448632337629
143393,[Eubacterium] sulci,0.0216808633333333,0.0283427016849422
166485,Caminicella sporogenes,0.00265872433333333,0.00231613561785563
197614,Streptococcus pasteurianus,0.0131604478333333,0.0237428763119287
225324,Enhydrobacter aerosaccus,0.008288215,0.00716445203211174
264027,Algoriphagus marincola,0.00232990283333333,0.00208604402400414
288965,[Clostridium] clariflavum,0.0189273933333333,0.0324665981774128
454154,Paraprevotella clara,0.0270632433333333,0.0605168657419069
471511,Bifidobacterium bombi,0.008902158,0.0139374788706563
472113,Geofilum rubicundum,0.0104964885,0.0193336218161817
487175,Parasutterella excrementihominis,1.28507985066667,2.93764453191005
504487,Jejuia pallidilutea,0.0647815166666667,0.12354051241164
536633,Blautia glucerasea,0.0149973925,0.0250773315912758
544645,Butyricimonas virosa,0.099737775,0.239335889565836
645466,Anaerostipes butyraticus,0.0545623578333333,0.0613459639834662
649724,Clostridium sp. ATCC BAA-442,0.0068624155,0.0116784299724297
871325,Bacteroides faecichinchillae,0.00539774333333333,0.00288845108254003
871327,Parabacteroides chinchillae,0.0016724865,0.00164788581710721
983706,Bifidobacterium reuteri,0.00692316316666667,0.00537272277575832
1121298,Clostridium amylolyticum,0.0023913975,0.00152931817802493
1346286,Dysgonomonas macrotermitis,0.00652655883333333,0.0124950738531016
287,Pseudomonas aeruginosa,0.383868138,0.853025712868961
573,Klebsiella pneumoniae,0.0026281038,0.00205076393606314
623,Shigella flexneri,0.015090346,0.0205349899929554
729,Haemophilus parainfluenzae,0.030590028,0.0554448498572344
850,Fusobacterium mortiferum,0.01835513,0.0369847770536501
860,Fusobacterium periodonticum,0.0013736402,0.000921854463123762
881,Desulfovibrio vulgaris,0.00232274284,0.00203568266287035
1270,Micrococcus luteus,0.00108794684,0.000735750293708761
1311,Streptococcus agalactiae,0.0043116558,0.00605248121123752
1336,Streptococcus equi,0.0012404532,0.000685451970293835
1382,Atopobium parvulum,0.004680238,0.0034582516025327
1501,Clostridium pasteurianum,0.002971323,0.00312230286023313
1502,Clostridium perfringens,0.0015722264,0.00156814641349949
1534,Clostridium kluyveri,0.005786465,0.00918326110807302
1605,Lactobacillus animalis,0.0063694858,0.00713724751805612
1648,Erysipelothrix rhusiopathiae,0.0025016196,0.00189094449939992
1684,Bifidobacterium asteroides,0.009456028,0.00814249269236209
1735,Holdemanella biformis,0.333655811,0.647477639893485
1767,Mycobacterium intracellulare,0.000971325,0.000498978328593036
28025,Bifidobacterium animalis,0.015885786,0.0268973652089174
28112,Tannerella forsythia,0.004505904,0.0012205855658986
28114,Porphyromonas levii,0.0042284378,0.00590214655139249
33033,Parvimonas micra,0.0024170798,0.00297902239491678
35825,Pseudobacteroides cellulosolvens,0.002695185,0.00177617520592001
37921,Arthrobacter agilis,0.002023519,0.00185563067017874
39490,Eubacterium ramulus,0.25843923244,0.574472521607135
39497,Eubacterium xylanophilum,0.016529678,0.0154687151929635
39950,Dialister pneumosintes,0.0525943122,0.061334788362035
47770,Lactobacillus crispatus,0.0021097902,0.0018020462522436
54005,Peptoniphilus harei,0.0033527598,0.003443029628453
54565,Desulfovibrio simplex,0.00296850904,0.0038601537747961
55565,Actinomyces graevenitzii,0.001281097,0.00121577129960388
78342,Bifidobacterium gallicum,0.0014891616,0.00130801034809259
78343,Bifidobacterium boum,0.006810658,0.0045146469241758
86166,Thermodesulfovibrio aggregans,0.001185046,0.000856776828818625
89524,Rubrimonas cliftonensis,0.0015466558,0.00127247326931971
97253,Eubacterium plexicaudatum,0.001707249,0.00118547673570678
102134,Desulfotomaculum gibsoniae,0.0010944498,0.000839929404885137
111015,Actinomyces radicidentis,0.00215577784,0.00270077581559678
118967,Anaerorhabdus furcosa,0.002551189,0.00263633432132668
133926,Olsenella uli,0.0273115494,0.0431306538327416
156456,Anaeroglobus geminatus,0.00635357104,0.0100603870366647
156974,Dysgonomonas gadei,0.001613476,0.000293316538623379
156980,Arthrobacter woluwensis,0.0066460298,0.00557978497211946
164393,Lactobacillus fuchuensis,0.0021071476,0.00202761383682971
173480,Gemmatimonas aurantiaca,0.0006920328,0.000377184816969347
180164,Blautia schinkii,0.0012155934,0.000650310369275164
204038,Dickeya dadantii,0.005938142,0.00673350623376262
214851,Subdoligranulum variabile,0.007290393,0.0102666827612839
228603,Prevotella shahii,0.0013992648,0.00070596896021794
261299,Intestinibacter bartlettii,0.0025801038,0.00190445311588582
264463,Anaerosporobacter mobilis,0.3114692776,0.693790944230492
282125,Sutterella sanguinus,0.004398788,0.00272944820077612
290053,Bacteroides helcogenes,0.0009039832,0.000728340553171866
294710,Proteiniphilum acetatigenes,0.0016461006,0.000832477851715468
315405,Streptococcus gallolyticus,0.0013105646,0.00130054388292506
341225,[Clostridium] saccharogumia,0.0052619698,0.00465359812371086
394340,Asaccharobacter celatus,0.00163545064,0.00149756174997736
437898,Sutterella parvirubra,0.1596921258,0.291988289117051
604330,Olsenella umbonata,0.0043415348,0.00539082192068901
638619,Bifidobacterium actinocoloniiforme,0.003510882,0.00152223922741138
650643,Alistipes sp. RMA 9912,0.055147248,0.083308533291867
755171,Peptoniphilus tyrrelliae,0.00268699604,0.00416703480290079
863643,Thermincola potens,0.0027632896,0.00269299551915433
884684,Mageeibacillus indolicus,0.0011146852,0.000512266777610748
927083,Sandaracinus amylolyticus,0.0011747106,0.000803501806927838
1124188,Flavobacterium fontis,0.0079224552,0.00863887953701087
1133319,Bacteroides reticulotermitis,0.006927468,0.00427857002121854
1450648,Clostridium oryzae,0.003847395,0.00519347469658802
1463889,Streptomyces sp. NRRL S-1824,0.0014692452,0.000654469438266754
1671366,Ruminococcus sp. DSM 100440,0.0493016298,0.105469814267014
9,Buchnera aphidicola,0.00215434725,0.00180764789254349
831,Butyrivibrio fibrisolvens,0.0005903245,0.000295562130763849
833,Fibrobacter succinogenes,0.0021928735,0.00163328670230887
856,Fusobacterium varium,0.0657710838,0.0873924322263175
861,Fusobacterium ulcerans,1.22712331975,1.48964484408238
1245,Leuconostoc mesenteroides,0.0026755075,0.00106762616454684
1280,Staphylococcus aureus,0.00163477425,0.000545700265773788
1282,Staphylococcus epidermidis,0.00075844,0.000383965533558244
1305,Streptococcus sanguinis,0.0072229445,0.0097075004102265
1423,Bacillus subtilis,0.00047918705,0.00037739287597729
1428,Bacillus thuringiensis,0.00107735625,0.000918843431216793
1471,Bacillus methanolicus,0.00190633955,0.0027804504733233
1488,Clostridium acetobutylicum,0.0013405175,0.000401786184794434
1510,[Clostridium] stercorarium,0.00134948975,0.000571401942267365
1537,Romboutsia lituseburensis,0.00573022675,0.00761647726056219
1539,Clostridium malenominatum,0.01783249625,0.0332385762429799
1582,Lactobacillus casei,0.00108130675,0.000448749242696761
1589,Lactobacillus pentosus,0.0017314115,0.00134929982159971
1596,Lactobacillus gasseri,0.05126297475,0.100448223427644
1736,Eubacterium limosum,0.00258106775,0.00182448727501735
2145,Spiroplasma taiwanense,0.00096788105,0.000920179730911962
28038,Lactobacillus curvatus,0.00191902605,0.00186237459780658
28113,Bacteroides heparinolyticus,0.00107011755,0.000856876606295996
28127,Prevotella buccalis,0.00347018625,0.00554050946924116
28130,Prevotella disiens,0.00222312125,0.00125972282745303
28136,Prevotella oulorum,0.002877095,0.00247795418379087
29370,[Clostridium] sphenoides,0.00144689475,0.000891078729206114
29391,Gemella morbillorum,0.00333070125,0.00244080558861337
31998,Methylobacterium radiotolerans,0.00091260475,0.000232664684627721
33043,Coprococcus eutactus,0.003237044,0.00432231694882833
33905,Bifidobacterium thermophilum,0.01366946125,0.025158135837718
38284,Corynebacterium accolens,0.000747806,0.000406025670832933
38986,Acholeplasma palmae,0.00253007875,0.0028962074431872
44009,Enterococcus dispar,0.00091157625,0.000650710451967886
45851,Butyrivibrio crossotus,0.00264446975,0.00210955738030681
46125,Abiotrophia defectiva,0.003390772,0.00331665242197249
55583,Dehalobacter restrictus,0.00157668875,0.00219308930203801
69823,Selenomonas sputigena,0.00158566725,0.00114420113235549
78448,Bifidobacterium pullorum,0.00117352225,0.000498938786967149
81425,Desulfovibrio aminophilus,0.00108199075,0.000959027017681071
83661,Desulfonispora thiosulfatigenes,0.0020980365,0.00212014923837506
102684,Streptococcus infantarius,0.0016276635,0.00134430481047975
104663,Chitinophaga filiformis,0.000555293,0.000321989586774686
106588,Pseudoflavonifractor capillosus,0.00206459275,0.0029362051979068
137662,Nonomuraea terrinata,0.00292539875,0.00387567680530643
138595,Olsenella profusa,0.0040177525,0.00327475568591384
147207,Collinsella intestinalis,0.003245212,0.00213436292401956
151276,Bacteroides coprosuis,0.0009452748,0.000878413912508388
174709,Allobaculum stercoricanis,0.0013657265,0.00138701924103705
194326,Lactobacillus versmoldensis,0.0006054945,0.000239461642944474
216945,Spiroplasma syrphidicola,0.00234068275,0.00143952092339439
238834,Clostridium estertheticum,0.00055885375,0.00030528918331791
279446,Aquibacillus koreensis,0.02921935525,0.0562720148004612
293256,Desulfovibrio alkalitolerans,0.00076307455,0.000488649038894389
330214,Nitrospira defluvii,0.00104304,0.000744638791913234
337315,Candidatus Peptoniphilus massiliensis,0.00222759225,0.00200961912327525
341220,Lactonifactor longoviformis,0.0054253675,0.00991930994813445
363832,Solirubrobacter soli,0.000872141,0.000917405008768755
386414,Prevotella timonensis,0.0157174525,0.0277424524049376
390877,Nisaea denitrificans,0.00130239275,0.000850434438604715
419015,Alloscardovia omnicolens,0.00123079375,0.00122139480723485
461876,Alkaliphilus oremlandii,0.0018313995,0.00127611290735616
544580,Actinomyces oris,0.00217402375,0.00304525769641863
570161,Marinifilum fragile,0.00125004475,0.000762034281300334
589436,Prevotella fusca,0.1824256875,0.362694613088968
589437,Prevotella scopos,0.0010561405,0.00019752092911301
591197,Ignavibacterium album,0.00124869775,0.000706324873260822
673862,Candidatus Babela massiliensis,0.003801555,0.00222784831387447
762209,Bifidobacterium callitrichos,0.00419896225,0.00409103551157409
885581,Desulfosporosinus acidiphilus,0.00134174125,0.00161859215316591
943673,Lactobacillus brantae,0.0011181438,0.000719256608980244
1134563,Prevotella sp. JCM 6348,0.0009147073,0.00104622171379873
1385386,Streptococcus sp. MR-1933,0.0008100048,0.000678679167995423
1484053,Mariniphaga anaerophila,0.00122488875,0.000954746916484634
1590651,Paenibacillus sp. VKM B-2647,0.004741666,0.00812572599274112
114,Gemmata obscuriglobus,0.00100377133333333,0.000764122655632153
119,Rubinisphaera brasiliensis,0.000512913333333333,0.000351463180510183
193,Azospirillum lipoferum,0.000873867,0.0005258834680868
197,Campylobacter jejuni,0.000995376333333333,0.000366175770703542
480,Moraxella catarrhalis,0.0007311534,0.000593340598572759
529,Ochrobactrum anthropi,0.00152728033333333,0.00182778979645974
550,Enterobacter cloacae,0.000834614733333333,0.00114496727561289
584,Proteus mirabilis,0.385122246666667,0.527093232242478
585,Proteus vulgaris,0.056502673,0.0961628148562079
587,Providencia rettgeri,0.0490632666666667,0.0778952179114882
669,Vibrio harveyi,0.00122467266666667,0.000374055577423106
703,Plesiomonas shigelloides,0.00088226,3.12817703942727e-05
827,Campylobacter ureolyticus,0.0111376,0.0136765779840609
840,Prevotella loescheii,0.00143693333333333,0.000385675072740427
859,Fusobacterium necrophorum,0.0489267333333333,0.0241399976206157
948,Anaplasma phagocytophilum,0.00713590933333333,0.00597461059007207
982,Saccharicrinis fermentans,0.000740645666666667,0.000540723681259045
1258,Peptoniphilus asaccharolyticus,0.00498563966666667,0.0073551325958789
1261,Peptostreptococcus anaerobius,0.00172938806666667,0.00269173069176253
1267,Clostridium ventriculi,0.00274232966666667,0.00245253268785155
1338,Streptococcus intermedius,0.00197227,0.00166116282164031
1366,Lactococcus raffinolactis,0.000736031333333333,0.000391876793151028
1406,Paenibacillus polymyxa,0.000741044666666667,0.000494417604234855
1408,Bacillus pumilus,0.000810703666666667,0.000474040169429062
1464,Paenibacillus larvae,0.00125476533333333,0.000846385385096726
1490,Paraclostridium bifermentans,0.000525794333333333,0.000167301534429106
1491,Clostridium botulinum,0.000848565,0.000512467270877858
1493,Clostridium cellulovorans,0.00154501173333333,0.00128698623737514
1525,Moorella thermoacetica,0.000489169666666667,0.00018415543684978
1529,Clostridium cadaveris,0.042769383,0.0737149240460867
1541,Terrisporobacter mayombei,0.002503523,0.00366999445611393
1548,Clostridium scatologenes,0.000624211066666667,0.00057139005727945
1561,Clostridium baratii,0.000512913333333333,0.000351463180510183
1564,Desulfotomaculum ruminis,0.000495349666666667,0.000200483098742346
1565,Desulfotomaculum nigrificans,0.00114537966666667,0.000829237953002836
1579,Lactobacillus acidophilus,0.000962268,0.000699292416730655
1584,Lactobacillus delbrueckii,0.002187651,0.00248250495172578
1656,Actinomyces viscosus,0.000911465,0.000774454340826494
1659,Actinomyces israelii,0.001207178,0.00109467118394384
1747,Propionibacterium acnes,0.002998853,0.00322155360334218
2736,Verrucomicrobium spinosum,0.00113361333333333,0.000889074460679944
13335,Anaerobiospirillum succiniciproducens,0.00320331866666667,0.00292481006838826
28123,Porphyromonas asaccharolytica,0.314818283,0.543444238275044
28124,Porphyromonas endodontalis,0.00046829,0.000391612978208077
28262,Thermodesulfovibrio yellowstonii,0.000428282666666667,0.000157047424723659
29317,Actinomyces sp.,0.001433672,0.00112912619918767
29341,Clostridium argentinense,0.000590776,0.00029935837870185
32016,Desulfovibrio oxamicus,0.00109529633333333,0.000404924650497266
33032,Anaerococcus lactolyticus,0.00171877966666667,0.00144776884872218
33034,Anaerococcus prevotii,0.00109542566666667,0.000291122404765304
33987,Exiguobacterium aurantiacum,0.00149763333333333,0.00188643150730005
35518,[Eubacterium] nodatum,0.000479086,0.000183436254783508
35519,Mogibacterium timidum,0.00131391933333333,0.000515777920583397
36854,Desulfitobacterium dehalogenans,0.000817149,0.000340004079212294
38402,Erysipelothrix tonsillarum,0.00198723333333333,0.00265761286259386
39029,Megasphaera cerevisiae,0.000751906333333333,0.000941569080131847
39489,Clostridium moniliforme,0.000565801333333333,0.000398025632164982
39498,[Eubacterium] yurii,0.000764522,0.000175836615268265
41211,Desulfotomaculum sp.,0.000753465,0.000555956091813913
42096,Ureaplasma gallorale,0.00295503666666667,0.00283403288129008
42422,Halobacteroides halobius,0.000842712,0.000408767993068195
43675,Rothia mucilaginosa,0.00144005433333333,0.000956101014331819
43769,Corynebacterium propinquum,0.00157568333333333,0.000326840648685767
46206,Pseudobutyrivibrio ruminis,0.000517529666666667,0.000203513822465044
46469,Orenia marismortui,0.00146100333333333,0.000330828567740655
46609,Clostridium pascui,0.00106361166666667,0.00118711809155801
49185,Kineosporia aurantiaca,0.006147485,0.00529880923262246
52694,Acetobacterium wieringae,0.000541404666666667,0.00039288500374834
53343,Desulfotomaculum aeronauticum,0.000685098333333333,0.000505117822507119
53422,Thermobrachium celere,0.000830291666666667,0.000399427459274313
57732,Enterococcus asini,0.00123805466666667,0.000801932790563108
70863,Shewanella oneidensis,0.000507577066666667,0.0004034466812289
76007,Desulfovibrio senezii,0.001556424,0.00138825617406983
76489,Clostridium acetireducens,0.0007311534,0.000593340598572759
78257,Bifidobacterium saeculare,0.00604750033333333,0.00933567442089495
78259,Scardovia inopinata,0.00287094333333333,0.00154208472064064
79329,Chitinophaga pinensis,0.000332987733333333,0.00029222017913692
79681,Tissierella creatinophila,0.000911465,0.000774454340826494
82135,Atopobium vaginae,0.00100845,0.000793622474669159
84109,Slackia exigua,0.00111649933333333,0.00114091988188055
84110,Slackia heliotrinireducens,0.0008101214,0.000837557946110644
86665,Bacillus halodurans,0.00140635966666667,0.000748404743377762
93680,Oerskovia sp. CIP101491,0.000668834666666667,0.000507796640888194
112901,Sporomusa malonica,0.000820400333333333,0.000445095269577574
132476,Pseudomonas kilonensis,0.00114667866666667,0.00112330305780423
146919,Salinibacter ruber,0.000529888666666667,0.000367108120124485
157463,Fructobacillus ficulneus,0.00308254733333333,0.00190795228622765
166501,Thermobaculum terrenum,0.002778843,0.00261815786055711
180332,Robinsoniella peoriensis,0.000635399333333333,0.000228789136722733
185294,Prevotella paludivivens,0.00335226333333333,0.00436699276942352
189381,Bacillus marisflavi,0.000640474733333333,0.000570920672022316
191579,Fluviicola taffensis,0.00626517966666667,0.00682192356012073
200617,Rhodopseudomonas julia,0.000743768666666667,0.000461276008082291
214858,Bacteroides sp. DSM 12148,0.00573014,0.00127613982067013
218284,Bacillus vietnamensis,0.00246341866666667,0.00273774518532045
228604,Prevotella salivae,0.000896959333333333,0.000499834896451151
232721,Acidovorax sp. JS42,0.001205623,0.000631511269334918
236753,Fastidiosipila sanguinis,0.00226396333333333,0.000766655635949631
246618,Bifidobacterium thermacidophilum,0.00368964333333333,0.00105642300719614
253239,Ethanoligenens harbinense,0.00105555033333333,0.000578801527332412
253245,Owenweeksia hongkongensis,0.00142912733333333,0.000770906933631637
255723,Slackia faecicanis,0.00296045506666667,0.00250840936944531
270496,Desulfovibrio putealis,0.000332987733333333,0.00029222017913692
281120,Candidatus Amoebophilus asiaticus,0.001242623,0.000589730599763146
290055,[Eubacterium] fissicatena,0.00238301666666667,0.00114888329513199
299567,Adhaeribacter aquaticus,0.000602160333333333,0.000315753078238888
339862,Desulfosporosinus youngiae,0.00173818533333333,0.0017300960310241
341694,Peptostreptococcus stomatis,0.004723917,0.00640905486769516
365349,Pelosinus fermentans,0.00116587666666667,0.000580637714411778
385682,Thermophagus xiamenensis,0.000856926333333333,0.00112296883691416
395922,Coraliomargarita akajimensis,0.00166895333333333,5.68870682434359e-05
400092,Pontibacter korlensis,0.000399923,0.000213093245007907
420412,Clostridium tepidiprofundi,0.00326603333333333,0.00197807733504869
461393,Actinomyces massiliensis,0.000956088666666667,0.000708276726047336
467210,Lachnoanaerobaculum saburreum,0.00547627366666667,0.00798174635127804
467976,Iamia majanohamensis,0.000931633,0.000257437066323014
470842,Streptomyces sp. YIM C513,0.00148991966666667,0.000769031843599687
502558,Eggerthella sp. YY7918,0.00197059166666667,0.000915218899312254
553611,Photobacterium leiognathi,0.000796389666666667,0.000798326183167215
574375,Bacillus gaemokensis,0.000700963,0.000853651968964519
614671,Sphingosinicella vermicomposti,0.001699272,0.00154661468263172
626947,Parasutterella secunda,0.00132758,0.00114533452942797
694315,Kofleria flava,0.00316566666666667,0.00198009716656363
947013,Chryseolinea serpens,0.000456774333333333,0.00022201051450851
1032476,Nonomuraea soli,0.02729516,0.0438369546794619
1078480,Haemophilus sputorum,0.00302197333333333,0.00294988461417279
1121961,Hirschia maritima,0.00758340333333333,0.00704261541731716
1134405,Melioribacter roseus,0.000723275,0.000832019364618997
1168034,Draconibacterium orientale,0.00090155,0.0010817747220013
1168035,Tangfeifania diversioriginum,0.00110023566666667,0.00115128627063139
1223514,Corynebacterium humireducens,0.00079021,0.000775101747018416
1463837,Streptomyces sp. NRRL B-3253,0.00141136,0.00116573692070724
1715347,Garciella sp. YIM G1-1,0.000548238066666667,0.000652959915926248
19,Pelobacter carbinolicus,0.000771708,0.000618056581591039
24,Shewanella putrefaciens,0.0015487795,0.00178544532960281
72,Simonsiella muelleri,0.0001766071,0.000155099488391226
103,Flectobacillus major,0.0003532145,0.000310199966731945
183,Leptonema illini,0.0003774125,0.000128882231686528
192,Azospirillum brasilense,0.0006060276,0.000762391783452261
204,Campylobacter showae,0.000444348,0.000223543323590753
228,Pseudoalteromonas haloplanktis,0.0005447505,0.000365533900786917
294,Pseudomonas fluorescens,0.0048684126,0.00679031445850791
421,Methylomonas methanica,0.0103826795,0.0138736054596143
478,Moraxella nonliquefaciens,0.0004323495,0.000232791573181892
483,Neisseria cinerea,0.0008906495,0.000449847899162039
563,Shimwellia blattae,0.0011091105,0.000811234618677297
582,Morganella morganii,0.002752151,0.00294552259349712
644,Aeromonas hydrophila,0.000704773,0.000712716966388482
654,Aeromonas veronii,0.003240694,0.00336845305881973
670,Vibrio parahaemolyticus,0.0003197471,0.000357530017709311
735,Haemophilus parahaemolyticus,0.0018592545,0.00181966222674443
739,Aggregatibacter segnis,0.0003774125,0.000128882231686528
750,Gallibacterium anatis,0.0010225645,0.000636403881242486
824,Campylobacter gracilis,0.0269572676,0.0380286727768007
837,Porphyromonas gingivalis,0.0006302245,0.000323308312241582
873,Desulfovibrio africanus,0.0006378376,0.00080737791687135
901,Desulfovibrio piger,0.0076230245,0.00986735764051352
920,Acidithiobacillus ferrooxidans,0.0009272445,0.000398094753846996
959,Bdellovibrio bacteriovorus,0.0003866825,0.000262869067226443
971,Selenomonas ruminantium,0.0007382405,0.00066538677398976
985,Cytophaga hutchinsonii,0.0001766071,0.000155099488391226
986,Flavobacterium johnsoniae,0.0002100745,0.000107769437413861
989,Marinilabilia salmonicolor,0.0020297195,0.00195722985102427
990,Cytophaga xylanolytica,0.0003197471,0.000357530017709311
1015,Bergeyella zoohelcum,0.014596285,0.0204529434376681
1251,Leuconostoc fallax,0.000343945,8.15520392878069e-05
1260,Finegoldia magna,0.000782635,0.000917492261792981
1275,Kocuria rosea,0.0006378376,0.00080737791687135
1309,Streptococcus mutans,0.0038555055,0.00507386521450073
1317,Streptococcus downei,0.0002435425,6.04385379083578e-05
1337,Streptococcus hyointestinalis,0.00041088,0.00017621242408525
1349,Streptococcus uberis,0.001533849,0.000954609710951025
1355,Enterococcus columbae,0.0005571475,0.0001253014429466
1383,Atopobium rimae,0.0007790245,0.000696847368898312
1402,Bacillus licheniformis,0.00500316,0.00343178719899705
1407,Bacillus psychrosaccharolyticus,0.000529822,0.000465298889437746
1462,Geobacillus kaustophilus,0.000578218,0.000412864093185639
1478,Bacillus simplex,0.000704773,0.000712716966388482
1492,Clostridium butyricum,0.001768124,0.00128592459327598
1494,Clostridium cochlearium,0.0001766071,0.000155099488391226
1497,Clostridium formicaceticum,0.0006209555,6.84429866713895e-05
1506,Clostridium sp.,0.00027701,1.31083455096362e-05
1521,[Clostridium] cellulolyticum,0.000654423,0.000115773179070111
1549,[Clostridium] sporosphaeroides,0.000456745,0.000267292020142764
1583,Weissella confusa,0.0004536175,0.000168208682429
1601,Lactobacillus agilis,0.0004628866,0.000559959839920614
1613,Lactobacillus fermentum,0.0042403076,0.00590203984891355
1622,Lactobacillus murinus,0.0008748376,0.00114254653115377
1624,Lactobacillus salivarius,0.00359942,0.00204889846703052
1626,Lactobacillus sharpeae,0.000343945,8.15520392878069e-05
1629,Weissella viridescens,0.000343945,8.15520392878069e-05
1630,Kandleria vitulina,0.013193038,0.0181844699303028
1631,Fructobacillus fructosus,0.000596757,0.000370638504640303
1633,Lactobacillus vaginalis,0.00910142,0.010491597870906
1655,Actinomyces naeslundii,0.0010421755,0.000905895003474741
1670,Arthrobacter citreus,0.000781767,0.000192358500326864
1688,Bifidobacterium cuniculi,0.0220309395,0.0307515937882985
1693,Bifidobacterium minimum,0.001744995,8.8041865325537e-05
1727,Corynebacterium variabile,0.0008721105,0.000476066004394874
1795,Mycobacterium neoaurum,0.0002100745,0.000107769437413861
2047,Rothia dentocariosa,0.00308772,0.00171620472648225
2082,Syntrophomonas bryantii,0.0012184545,0.00131829523461192
2088,Anaeroplasma bactoclasticum,0.00211207,0.00136747380413666
2350,Haliscomenobacter hydrossis,0.0001766071,0.000155099488391226
2374,Acetonema longum,0.001033789,0.000247418076950735
2378,Sporomusa ovata,0.000726633,0.000270329750874742
2702,Gardnerella vaginalis,0.003128475,0.00271491527316231
2748,Carnobacterium divergens,0.00144361,0.00185225207118254
28126,Prevotella buccae,0.0023279276,0.00319752611650249
28128,Prevotella corporis,0.017397695,0.0146646946060956
28129,Prevotella denticola,0.006859111,0.00856432035602604
28134,Prevotella oralis,0.0001766071,0.000155099488391226
28135,Prevotella oris,0.01054458,0.013397721888769
28137,Prevotella veroralis,0.0003319466,0.000374782716063481
28139,Rikenella microfusus,0.0008552295,0.000399756454782784
28232,Geobacter metallireducens,0.000578218,0.000412864093185639
29357,Clostridium collagenovorans,0.0003774125,0.000128882231686528
29362,[Clostridium] papyrosolvens,0.0003104775,3.42218468890853e-05
29364,[Clostridium] polysaccharolyticum,0.00096237,0.00117167593642611
29367,Clostridium puniceum,0.0007790245,0.000696847368898312
29371,[Clostridium] termitidis,0.001451985,2.91115861814502e-05
29376,Desulfotomaculum thermobenzoicum,0.0004923601,0.000601641663351218
29385,Staphylococcus saprophyticus,0.00098472,0.00120328360954515
29389,Streptococcus alactolyticus,0.0004778155,0.000270873515989474
29527,Syntrophobacter wolinii,0.0011951775,0.000392292235600579
29529,Chitinophaga arvensicola,0.0003563421,0.000409283163024354
29542,Pelobacter acetylenicus,0.000941773,0.00104788558067091
29552,Acholeplasma axanthum,0.000639495,0.000715061732474896
33025,Phascolarctobacterium faecium,0.0004416185,0.000219683227672255
33026,Sporolactobacillus dextrus,0.000671305,0.000760047865893984
33871,Coriobacterium glomerans,0.000602032,0.000446542174959992
33887,Rathayibacter rathayi,0.0006209555,6.84429866713895e-05
33941,Geobacillus thermoleovorans,0.000602032,0.000446542174959992
33964,Leuconostoc citreum,0.000908305,0.00109521648017641
33968,Leuconostoc pseudomesenteroides,0.0001766071,0.000155099488391226
34062,Moraxella osloensis,0.0003563421,0.000409283163024354
35554,Geobacter sulfurreducens,0.000529822,0.000465298889437746
35701,Heliobacterium modesticaldum,0.000746153,0.00077123712359948
35787,Lactobacillus pontis,0.001759155,0.00010806712936874
35791,Rickettsia massiliae,0.0004628866,0.000559959839920614
35839,Holophaga foetida,0.0017923195,0.00172500184194699
36844,Clostridium homopropionicum,0.00027701,1.31083455096362e-05
36845,Clostridium intestinale,0.0002100745,0.000107769437413861
36850,Clostridium quinii,0.0003197471,0.000357530017709311
37637,Corynebacterium pseudodiphtheriticum,0.0002435425,6.04385379083578e-05
39480,[Eubacterium] angustum,0.0004923601,0.000601641663351218
39493,Clostridium tarantellae,0.0009725135,0.000334074720091928
39766,Sulfurimonas denitrificans,0.0003319466,0.000374782716063481
42448,Anaerobranca horikoshii,0.0071069425,0.00875279047616316
42735,Thermopallium natronophilum,0.0001766071,0.000155099488391226
43131,Tissierella praeacuta,0.000456745,0.000267292020142764
43263,Pseudomonas alcaligenes,0.0054727676,0.0076450014959959
43305,Butyrivibrio proteoclasticus,0.0023570955,0.00257615193131548
43997,Catonella morbi,0.001734654,0.00123859086534335
44008,Enterococcus cecorum,0.0009272445,0.000398094753846996
44252,Paenibacillus macerans,0.000949973,0.000680840592692592
44256,Caldanaerobius polysaccharolyticus,0.001675154,0.00152479940609642
44676,Geothrix fermentans,0.000343945,8.15520392878069e-05
45495,Methylophaga marina,0.0001766071,0.000155099488391226
46867,Clostridium chauvoei,0.0005632895,0.000417968697039025
47671,Lautropia mirabilis,0.0006060276,0.000762391783452261
48256,[Clostridium] hungatei,0.00027701,1.31083455096362e-05
48467,Prosthecobacter debontii,0.00141393,0.000380154747701512
51123,[Eubacterium] saphenum,0.0006666225,9.85204807159405e-05
51161,Actinobacillus delphinicola,0.0010560345,0.000683737609175113
52227,Prevotella dentalis,0.000343945,8.15520392878069e-05
52769,Actinomyces gerencseriae,0.001018188,0.00115595271003965
52786,Anaerofilum agile,0.000782635,0.000917492261792981
53374,Corynebacterium coyleae,0.0003532145,0.000310199966731945
53412,Pseudomonas resinovorans,0.0066815176,0.00935443213951438
53635,Acidimicrobium ferrooxidans,0.0002100745,0.000107769437413861
54911,Brevibacillus choshinensis,0.0003563421,0.000409283163024354
55507,Schwartzia succinivorans,0.0006262305,0.000412320328070906
55518,Magnetospirillum gryphiswaldense,0.0220435295,0.0303645376784126
60217,Shewanella violacea,0.00041088,0.00017621242408525
61624,Paenibacillus mucilaginosus,0.000456745,0.000267292020142764
66219,Lachnoclostridium phytofermentans,0.0191861895,0.0267285097567377
66886,Streptomyces fasiculatus,0.000466014,0.000254183674633128
67267,Streptomyces alboflavus,0.0008748376,0.00114254653115377
68219,Streptomyces iakyrus,0.0001766071,0.000155099488391226
72026,Helcococcus ovis,0.0002100745,0.000107769437413861
73098,Kluyvera georgiana,0.002624508,0.0034276322395508
74109,Photobacterium profundum,0.0001766071,0.000155099488391226
74318,Maricaulis maris,0.0002100745,0.000107769437413861
76517,Campylobacter hominis,0.0026173345,0.00278824295347814
76832,Myroides odoratimimus,0.0001766071,0.000155099488391226
76860,Streptococcus constellatus,0.0016778835,0.00152093931017792
77095,Prevotella bryantii,0.0008583545,0.000300669581535113
77768,Prevotella albensis,0.0019155785,0.0018570908028862
78346,Bifidobacterium ruminantium,0.01524398,0.00959235603513548
78527,Rhizobium undicola,0.0016676275,0.00106043743314375
79209,Desulfosporosinus meridiei,0.0012422026,0.00166207909649497
79882,Bacillus halmapalus,0.000908305,0.00109521648017641
80882,Simplicispira psychrophila,0.000602032,0.000446542174959992
81032,Hyphomonas neptunium,0.0001766071,0.000155099488391226
83341,Gordonia rhizosphera,0.000726633,0.000270329750874742
83771,Succinivibrio dextrinosolvens,0.0001766071,0.000155099488391226
84022,Clostridium aceticum,0.0002100745,0.000107769437413861
84023,Clostridium autoethanogenum,0.0003319466,0.000374782716063481
84029,Clostridium roseum,0.00042015,0.000215538874827721
85317,Coriobacterium sp. CCUG 33917,0.003399105,0.00298060357512535
85336,Rothia nasimurium,0.0005258275,0.000554311612373852
85874,Thermacetogenium phaeum,0.000398882,0.000280121765580613
86668,Bacillus niacini,0.000704773,0.000712716966388482
89959,Natronincola histidinovorans,0.0002435425,6.04385379083578e-05
90244,Oligella ureolytica,0.0014101426,0.0018995821221599
90729,[Desulfobacterium] catecholicum,0.0011087826,0.00147339472300315
91458,Halomonas sp. MBIC2031,0.00027701,1.31083455096362e-05
93063,Sphingomonas aquatilis,0.0001766071,0.000155099488391226
94009,Thermicanus aegyptius,0.0004923601,0.000601641663351218
94254,Dyadobacter fermentans,0.0002100745,0.000107769437413861
94869,Clostridium gasigenes,0.000529822,0.000465298889437746
97084,Halobacteriovorax marinus,0.0015894685,0.00139590161806071
99675,Clostridium putrefaciens,0.0003774125,0.000128882231686528
101564,Pseudomonas alcaliphila,0.003189178,0.00403687544222112
104268,Tenacibaculum mesophilum,0.0001766071,0.000155099488391226
104623,Serratia sp. ATCC 39006,0.00248441,0.00332416554690046
107709,Opitutus terrae,0.0004536175,0.000168208682429
109258,Desulfacinum hydrothermale,0.000949973,0.000680840592692592
110099,Thermoactinomyces sanguinis,0.0001766071,0.000155099488391226
114652,Streptococcus orisratti,0.0003104775,3.42218468890853e-05
114692,Streptomyces yogyakartensis,0.0001766071,0.000155099488391226
121163,Actinomyces suimastitidis,0.0010560345,0.000683737609175113
136857,Corynebacterium testudinoris,0.0076057676,0.0106615190245377
138072,Candidatus Hamiltonella defensa,0.000444348,0.000223543323590753
140626,Lachnobacterium bovis,0.0006378376,0.00080737791687135
147802,Lactobacillus iners,0.0002100745,0.000107769437413861
152297,Pseudoalteromonas issachenkonii,0.0007475095,0.000652278428480124
153721,Sporocytophaga myxococcoides,0.000883038,0.000775500977490035
156994,Reichenbachiella agariperforans,0.0007382405,0.00066538677398976
157692,Leptotrichia goodfellowii,0.0002435425,6.04385379083578e-05
157838,Bacillus shackletonii,0.002218045,0.00075703559100613
161896,Corynebacterium camporealensis,0.00259104,0.0034749631390563
163359,Acidiferrobacter thiooxydans,0.00042015,0.000215538874827721
163665,Dysgonomonas mossii,0.0004628866,0.000559959839920614
165096,Weissella koreensis,0.000672963,0.000667730832969393
167964,Anaerolinea thermophila,0.000721358,0.000210433563867554
170367,Paenibacillus anaericanus,0.000745172,0.000244111645641907
170661,Vibrio xuii,0.0006378376,0.00080737791687135
177972,Shuttleworthia satelles,0.0007733655,0.000525740255773229
179628,Clostridium colicanis,0.002900365,0.00167256916701522
181662,Desulfovibrio giganteus,0.001169318,0.0011803620361262
182182,Actinobacillus scotiae,0.0003104775,3.42218468890853e-05
182210,Desulfovibrio aespoeensis,0.0002100745,0.000107769437413861
187326,Megasphaera micronuciformis,0.004097155,0.00275280205449829
191026,Desulfovibrio hydrothermalis,0.0001766071,0.000155099488391226
198252,Candidatus Pelagibacter ubique,0.0007548255,0.000257763756266276
206403,Sulfurovum lithotrophicum,0.00055402,2.62181052328349e-05
208480,Actinomyces nasicola,0.0002435425,6.04385379083578e-05
217159,Clostridium carboxidivorans,0.0003532145,0.000310199966731945
234827,Candidatus Midichloria mitochondrii,0.0013479745,0.00150146417521048
238012,Lactobacillus tucceti,0.0008748376,0.00114254653115377
241555,Helcococcus sueciensis,0.000959243,0.00107259189160556
243924,Pseudomonas lutea,0.003122243,0.00413153582701857
249402,Cardinium endosymbiont of Encarsia pergandiella,0.000671305,0.000760047865893984
252966,Mahella australiensis,0.000671305,0.000760047865893984
255205,Pseudoclavibacter helvolus,0.0002100745,0.000107769437413861
256325,Psychrobacter maritimus,0.0003197471,0.000357530017709311
256847,Lentisphaera araneosa,0.001572995,0.000515134361162212
281920,Porphyromonas uenonis,0.0674526395,0.0949875779543405
283737,Fructobacillus durionis,0.0002100745,0.000107769437413861
290109,Xenorhabdus innexi,0.0007382405,0.00066538677398976
290112,Xenorhabdus szentirmaii,0.001901994,0.00147524536287087
296218,Roseivirga echinicomitans,0.0001766071,0.000155099488391226
305719,Prevotella baroniae,0.005591205,0.00487801148535446
310297,Bacteroides plebeius,0.12685387,0.177689046892131
310300,Bacteroides pyogenes,0.001212055,0.00152478384974724
312277,Flavobacterium indicum,0.001935459,0.00152257201973568
312279,Emticicia oligotrophica,0.0004536175,0.000168208682429
321327,Synechococcus sp. JA-3-3Ab,0.00267694,0.00140601112371133
336989,Pontibacter roseus,0.0001766071,0.000155099488391226
349221,Micavibrio aeruginosavorus,0.00027701,1.31083455096362e-05
349931,Clostridium cavendishii,0.0005258275,0.000554311612373852
375929,Natranaerobius thermophilus,0.0005592955,0.00050698071286835
376805,Bacteroides salanitronis,0.0002435425,6.04385379083578e-05
387093,Sulfurovum sp. NBC37-1,0.000456745,0.000267292020142764
392413,Deinococcus misasensis,0.0006378376,0.00080737791687135
393921,Porphyromonas crevioricanis,0.0002100745,0.000107769437413861
396812,Fulvivirga kasyanovii,0.000343945,8.15520392878069e-05
405212,Alicyclobacillus acidocaldarius,0.00042015,0.000215538874827721
407188,Pelobacter seleniigenes,0.0002435425,6.04385379083578e-05
413889,Caldicellulosiruptor kronotskyensis,0.0001766071,0.000155099488391226
417223,Nesterenkonia sp. YIM 90725,0.000602032,0.000446542174959992
419005,Prevotella amnii,0.000712685,0.000818568023104983
437505,Granulosicoccus antarcticus,0.0003319466,0.000374782716063481
442870,Acanthopleuribacter pedis,0.0003898095,0.000361953112046989
446660,Adlercreutzia equolifaciens,0.000466014,0.000254183674633128
455436,Glaciecola sp. HTCC2999,0.0004416185,0.000219683227672255
465721,Steroidobacter denitrificans,0.001008708,0.000953225195873462
467094,Ilumatobacter coccineus,0.00171046,0.000799511495352006
470565,Prevotella histicola,0.0012406595,0.000841330497498159
479117,Brevibacterium ravenspurgense,0.0003319466,0.000374782716063481
490189,Flavobacterium caeni,0.000672963,0.000667730832969393
503170,Salisaeta longa,0.002682575,0.00227916779032392
508451,Lactobacillus taiwanensis,0.000908305,0.00109521648017641
511435,Candidatus Azobacteroides pseudotrichonymphae,0.0003774125,0.000128882231686528
516074,Providencia burhodogranariea,0.000671305,0.000760047865893984
516075,Providencia sneebia,0.00171075,0.000999453008800314
547163,Mycobacterium vulneris,0.0028469795,0.00311301002700931
547188,Phycisphaera mikurensis,0.0003104775,3.42218468890853e-05
551990,Flavobacterium glycines,0.000721358,0.000210433563867554
572010,Slackia isoflavoniconvertens,0.06020174,0.0723529477600961
579160,Halomonas sp. YIM 90512,0.0004923601,0.000601641663351218
582851,Oceanobacillus sojae,0.0005592955,0.00050698071286835
587753,Pseudomonas chlororaphis,0.0012422026,0.00166207909649497
589537,Prevotella dentasini,0.000511283,0.000318203708388196
626935,Collinsella tanakaei,0.002664935,0.000125037692117217
640331,Lactobacillus florum,0.001270789,0.000582586691233159
652716,Prevotella sp. oral taxon 299,0.00027701,1.31083455096362e-05
658062,Candidatus Koribacter versatilis,0.0002435425,6.04385379083578e-05
658457,Pseudomonas composti,0.010945585,0.0152900739855126
666686,Bacillus sp. 1NLA3E,0.00171046,0.000799511495352006
688867,Ohtaekwangia koreensis,0.002048745,0.00034152550424529
755731,Clostridium sp. BNL1100,0.001598733,0.00178764655301265
929426,Bifidobacterium sp. JCM 7042,0.001106385,0.000144751829176698
931533,Lactobacillus saniviri,0.000466014,0.000254183674633128
933063,Dichotomicrobium thermohalophilum,0.0001766071,0.000155099488391226
933068,Ilyobacter delafieldii,0.0021416275,0.00173077466170859
937334,Caldicoprobacter faecalis,0.0002100745,0.000107769437413861
944547,Arcobacter sp. L,0.00027701,1.31083455096362e-05
990268,Vibrio maritimus,0.0002435425,6.04385379083578e-05
1069813,Bacillus berkeleyi,0.0006378376,0.00080737791687135
1069985,Pedobacter kyungheensis,0.0003197471,0.000357530017709311
1070421,Weissella fabalis,0.0003197471,0.000357530017709311
1113709,Psychrobacter sp. NBRC 101052,0.0001766071,0.000155099488391226
1114067,Weissella sp. NBRC 107245,0.0002100745,0.000107769437413861
1123045,Ponticaulis koreensis,0.00041088,0.00017621242408525
1126833,Paenibacillus beijingensis,0.0001766071,0.000155099488391226
1128023,Hymenobacter sp. I/74-Cor2,0.0001766071,0.000155099488391226
1131462,Dehalobacter sp. CF,0.0006378376,0.00080737791687135
1159213,Peptostreptococcus canis,0.0006378376,0.00080737791687135
1288125,Kofleria sp. DSM 53797,0.0003532145,0.000310199966731945
1316444,Blattabacterium sp. (Nauphoeta cinerea),0.000672963,0.000667730832969393
1399115,Exiguobacterium sp. MH3,0.0005592955,0.00050698071286835
1487956,Corynebacterium sp. ATCC 6931,0.0001766071,0.000155099488391226
1505727,Bifidobacterium commune,0.001106385,0.000144751829176698
1671680,Rathayibacter tanaceti,0.0011136995,0.00117014929288553
1676991,Clostridium sp. ATCC 25772,0.0005205525,7.35482976315564e-05
83,Hyphomicrobium vulgare,6.69352e-05,
86,Hyphomonas jannaschiana,6.69352e-05,
94,Stella humosa,6.69352e-05,
122,Gimesia maris,0.000468546,
125,Pirellula staleyi,6.69352e-05,
148,Spirochaeta bajacaliforniensis,0.000200806,
165,Treponema saccharophilum,6.69352e-05,
189,Novispirillum itersonii,0.000286279,
199,Campylobacter concisus,0.000602417,
200,Campylobacter curvus,0.00168274,
203,Campylobacter rectus,6.69352e-05,
245,Flavobacterium aquatile,6.69352e-05,
256,Myroides odoratus,6.69352e-05,
259,Sphingobacterium thalpophilum,0.000602417,
263,Francisella tularensis,0.00215063,
303,Pseudomonas putida,0.00604368,
316,Pseudomonas stutzeri,0.0181311,
435,Acetobacter aceti,6.69352e-05,
438,Acetobacter pasteurianus,0.000200806,
488,Neisseria mucosa,6.69352e-05,
498,Psychrobacter immobilis,0.00120874,
536,Chromobacterium violaceum,6.69352e-05,
539,Eikenella corrodens,0.0120874,
553,Pantoea ananatis,0.000200806,
588,Providencia stuartii,0.000401611,
628,Xenorhabdus nematophila,0.00013387,
632,Yersinia pestis,6.69352e-05,
638,Arsenophonus nasoniae,0.000200806,
663,Vibrio alginolyticus,0.000267741,
687,Vibrio gazogenes,6.69352e-05,
714,Aggregatibacter actinomycetemcomitans,0.000267741,
715,Actinobacillus pleuropneumoniae,6.69352e-05,
723,Actinobacillus ureae,0.000267741,
727,Haemophilus influenzae,0.00362621,
730,[Haemophilus] ducreyi,0.000200806,
731,Histophilus somni,6.69352e-05,
732,Aggregatibacter aphrophilus,0.000736287,
736,Haemophilus paraphrohaemolyticus,0.000267741,
738,[Haemophilus] parasuis,6.69352e-05,
747,Pasteurella multocida,0.00013387,
769,Anaplasma centrale,6.69352e-05,
777,Coxiella burnetii,0.000401611,
784,Orientia tsutsugamushi,6.69352e-05,
847,Oxalobacter formigenes,0.000286279,
852,Fusobacterium perfoetens,0.00183557,
855,Fusobacterium simiae,0.000334676,
863,Syntrophomonas wolfei,6.69352e-05,
865,Pectinatus frisingensis,0.000401611,
867,Ruminobacter amylophilus,0.000334676,
894,Desulfobulbus propionicus,0.000200806,
926,Thiomonas intermedia,6.69352e-05,
931,Thiobacillus thioparus,6.69352e-05,
945,Ehrlichia chaffeensis,6.69352e-05,
960,Bacteriovorax stolpii,0.000286279,
984,Pedobacter heparinus,6.69352e-05,
998,Flexibacter flexilis,6.69352e-05,
1004,Chitinophaga sancti,0.000334676,
1028,Marivirga sericea,6.69352e-05,
1053,Halorhodospira halophila,6.69352e-05,
1076,Rhodopseudomonas palustris,0.000334676,
1108,Chloroflexus aurantiacus,0.00013387,
1244,Leuconostoc gelidum,0.000917785,
1255,Pediococcus pentosaceus,6.69352e-05,
1296,Staphylococcus sciuri,0.000334676,
1310,Streptococcus sobrinus,6.69352e-05,
1314,Streptococcus pyogenes,0.00241747,
1328,Streptococcus anginosus,0.000200806,
1364,Lactococcus piscium,0.000334676,
1365,Lactococcus plantarum,6.69352e-05,
1391,Aneurinibacillus aneurinilyticus,6.69352e-05,
1393,Brevibacillus brevis,0.000917785,
1397,Bacillus circulans,6.69352e-05,
1398,Bacillus coagulans,0.000535481,
1401,Paenibacillus lautus,0.000286279,
1405,Bacillus mycoides,0.00013387,
1413,Bacillus cellulosilyticus,0.00013387,
1418,Bacillus mannanilyticus,6.69352e-05,
1445,Bacillus alcalophilus,0.000917785,
1449,Amphibacillus xylanus,0.00013387,
1472,Paenibacillus pabuli,6.69352e-05,
1479,Bacillus smithii,6.69352e-05,
1496,Clostridioides difficile,0.000937092,
1498,Hathewaya histolytica,0.000267741,
1499,[Clostridium] josui,0.00013387,
1511,[Clostridium] sticklandii,0.000468546,
1519,Clostridium tyrobutyricum,0.000917785,
1527,Anaerocolumna aminovalerica,0.00013387,
1540,Clostridioides mangenotii,0.000200806,
1542,Clostridium novyi,6.69352e-05,
1544,[Clostridium] oroticum,0.000267741,
1550,Clostridium subterminale,0.00168274,
1551,Clostridium aurantibutyricum,6.69352e-05,
1553,Clostridium tetanomorphum,0.00013387,
1556,Gottschalkia acidurici,6.69352e-05,
1604,Lactobacillus amylovorus,0.00120874,
1614,Lactobacillus fructivorans,0.000286279,
1616,Weissella kandleri,6.69352e-05,
1618,Lactobacillus mali,6.69352e-05,
1692,Bifidobacterium magnum,0.000334676,
1698,Brevibacterium epidermidis,6.69352e-05,
1705,Corynebacterium stationis,6.69352e-05,
1718,Corynebacterium glutamicum,0.000267741,
1724,Corynebacterium renale,0.000917785,
1731,Eubacterium acidaminophilum,6.69352e-05,
1732,Eubacterium oxidoreducens,0.00013387,
1737,[Eubacterium] tenue,0.000286279,
1750,Propionibacterium propionicum,6.69352e-05,
1764,Mycobacterium avium,6.69352e-05,
1766,Mycobacterium fortuitum,6.69352e-05,
1771,Mycobacterium phlei,0.000669352,
1775,Mycobacterium cookii,6.69352e-05,
1828,Rhodococcus fascians,0.00241747,
1830,Rhodococcus ruber,6.69352e-05,
1911,Streptomyces griseus,6.69352e-05,
1923,Streptomyces phaeochromogenes,0.000334676,
2033,Microbacterium testaceum,6.69352e-05,
2057,Sphaerobacter thermophilus,0.00013387,
2118,Mycoplasma mobile,6.69352e-05,
2141,Spiroplasma ixodetis,0.000286279,
2148,Acholeplasma laidlawii,0.00171768,
2173,Methanobrevibacter smithii,0.00193725,
2298,Desulfobacterium vacuolatum,0.000286279,
2325,Thermoanaerobacter kivui,6.69352e-05,
2331,Halanaerobium praevalens,6.69352e-05,
2358,Desulfomonile tiedjei,6.69352e-05,
2424,Fervidobacterium nodosum,0.000267741,
2724,Hirschia baltica,0.00013387,
2734,Symbiobacterium thermophilum,0.000286279,
2743,Marinobacter hydrocarbonoclasticus,6.69352e-05,
2751,Carnobacterium maltaromaticum,0.000645749,
28028,Corynebacterium flavescens,6.69352e-05,
28077,Nitrospirillum amazonense,0.000286279,
28090,Acinetobacter lwoffii,6.69352e-05,
28108,Alteromonas macleodii,6.69352e-05,
28122,Fibrobacter intestinalis,0.000267741,
28132,Prevotella melaninogenica,0.000468546,
28133,Prevotella nigrescens,0.000200806,
28141,Cronobacter sakazakii,0.00261047,
28152,Yersinia kristensenii,0.000200806,
28199,Arcobacter nitrofigilis,6.69352e-05,
28227,Mycoplasma penetrans,6.69352e-05,
28237,Petrotoga miotherma,0.00013387,
28254,Marinomonas communis,0.000267741,
29346,[Clostridium] paradoxum,0.000200806,
29372,Clostridium thermobutyricum,0.00120874,
29394,Dolosigranulum pigrum,0.000200806,
29435,Pseudomonas flavescens,0.00241747,
29533,Flavobacterium pectinovorum,0.00013387,
29543,Pelobacter propionicus,0.000596958,
31909,Halothermothrix orenii,6.69352e-05,
31958,Amycolatopsis orientalis,0.00275335,
32025,Helicobacter hepaticus,6.69352e-05,
32051,Synechococcus sp. WH 7803,6.69352e-05,
33012,Propionimicrobium lymphophilum,6.69352e-05,
33035,Blautia producta,0.00013387,
33056,Candidatus Kinetoplastibacterium crithidii,6.69352e-05,
33059,Acidithiobacillus caldus,0.000200806,
33072,Gloeobacter violaceus,0.000334676,
33075,Acidobacterium capsulatum,0.00120874,
33885,Microbacterium lacticum,6.69352e-05,
33936,Aeribacillus pallidus,0.00013387,
33942,Brevibacillus thermoruber,6.69352e-05,
33946,Kurthia gibsonii,0.000645749,
33990,Rickettsia bellii,6.69352e-05,
33991,Rickettsia montanensis,6.69352e-05,
33992,Rickettsia rhipicephali,6.69352e-05,
34010,Azospirillum halopraeferens,0.000572559,
34038,Rahnella aquatilis,6.69352e-05,
34085,Riemerella anatipestifer,0.00120874,
34087,Sphingobacterium faecium,6.69352e-05,
35621,Streptomyces mobaraensis,6.69352e-05,
35700,Heliophilum fasciatum,6.69352e-05,
35786,Coprothermobacter proteolyticus,0.000286279,
35795,Ehrlichia muris,6.69352e-05,
35806,Rhodovulum sulfidophilum,6.69352e-05,
36741,Mycoplasma feliminutum,0.00013387,
36808,Corynebacterium bovis,6.69352e-05,
36834,Clostridium celatum,6.69352e-05,
36841,Terrisporobacter glycolicus,6.69352e-05,
36842,Clostridium halophilum,0.00013387,
36875,Porphyromonas canoris,0.000286279,
37633,Kineococcus aurantiacus,0.00013387,
37752,Flavobacterium hibernum,6.69352e-05,
37915,Dietzia maris,0.00215063,
38286,Corynebacterium afermentans,0.000334676,
38289,Corynebacterium jeikeium,0.00013387,
38304,Corynebacterium tuberculostearicum,0.00013387,
38310,Rhodococcus coprophilus,0.00013387,
38311,Rhodococcus marinonascens,6.69352e-05,
38312,Rhodococcus rhodnii,6.69352e-05,
38875,Bacillus oleronius,0.00120874,
39482,[Eubacterium] contortum,0.0014314,
39774,Methylomicrobium agile,6.69352e-05,
40214,Acinetobacter johnsonii,0.00013387,
40215,Acinetobacter junii,0.000267741,
40335,Legionella tucsonensis,0.000286279,
40543,Sneathia sanguinegens,6.69352e-05,
40682,Sphingomonas mali,0.00013387,
40683,Sphingomonas pruni,6.69352e-05,
40990,Saccharomonospora glauca,6.69352e-05,
42256,Rubrobacter radiotolerans,6.69352e-05,
42777,Tsukamurella inchonensis,6.69352e-05,
42838,Ammonifex degensii,0.000286279,
43767,Rhodococcus equi,6.69352e-05,
43774,Syntrophus buswellii,6.69352e-05,
43992,Bradyrhizobium liaoningense,0.000645749,
44001,Caldicellulosiruptor saccharolyticus,6.69352e-05,
44012,Ferrimonas balearica,6.69352e-05,
44032,Streptomyces macrosporus,6.69352e-05,
44250,Paenibacillus alvei,0.000736287,
44251,Paenibacillus durus,6.69352e-05,
45663,Desulfohalobium retbaense,0.00119392,
46234,Anabaena sp. 90,6.69352e-05,
46256,Weissella hellenica,6.69352e-05,
46355,Spirochaeta africana,6.69352e-05,
46541,Thermosipho melanesiensis,6.69352e-05,
47055,Dethiosulfovibrio peptidovorans,0.000286279,
47158,Desulfovibrio gracilis,0.000286279,
47493,Lactobacillus panis,0.00336547,
47589,Rickettsia peacockii,6.69352e-05,
47679,Sporomusa sphaeroides,0.00127177,
47715,Lactobacillus rhamnosus,0.00107096,
47880,Pseudomonas fulva,0.00604368,
47884,Pseudomonas taetrolens,0.00120874,
48076,Marinobacterium georgiense,0.00013387,
48296,Acinetobacter pittii,0.000200806,
48466,Prosthecobacter vanneervenii,0.000286279,
49118,Candidatus Arthromitus sp. SFB-mouse,6.69352e-05,
49338,Desulfitobacterium hafniense,0.000917785,
51229,Wigglesworthia glossinidia,0.00013387,
51616,Desulfitobacterium chlororespirans,0.00013387,
51663,Pediococcus damnosus,6.69352e-05,
52022,Meiothermus silvanus,6.69352e-05,
52690,Acetobacterium carbinolicum,0.00119392,
52692,Acetobacterium malicum,0.000401611,
52693,Acetobacterium paludosum,0.000200806,
52773,Actinomyces meyeri,0.00362621,
53245,Desulfonatronovibrio hydrogenovorans,6.69352e-05,
53317,Sphingomonas trueperi,0.00013387,
53408,Pseudomonas citronellolis,0.00120874,
53423,Thermodesulfovibrio islandicus,0.000286279,
53431,Nocardia salmonicida,0.00168274,
53444,Lactobacillus lindneri,0.00013387,
54007,Anaerococcus octavius,0.00013387,
54914,Brevibacillus parabrevis,6.69352e-05,
55148,Deinococcus proteolyticus,0.000286279,
55209,Pantoea cypripedii,0.000200806,
55601,Vibrio anguillarum,6.69352e-05,
56460,Xanthomonas vesicatoria,0.000286279,
57497,Deinococcus radiopugnans,6.69352e-05,
58137,Desulfotomaculum thermosapovorans,6.69352e-05,
58172,Paenibacillus sp.,6.69352e-05,
59310,Streptococcus macedonicus,0.000596958,
59505,Actinotignum schaalii,0.0253835,
59610,Desulfotomaculum reducens,0.000267741,
59748,Candidatus Phytoplasma australiense,6.69352e-05,
59841,Paenibacillus kobensis,0.000286279,
59845,Paenibacillus illinoisensis,0.000535481,
60133,Prevotella pallens,0.000468546,
61598,Lamprocystis purpurea,6.69352e-05,
62322,Shewanella baltica,6.69352e-05,
63612,Sodalis glossinidius,0.000572559,
64002,Nevskia ramosa,6.69352e-05,
64642,Tetragenococcus muriaticus,0.000200806,
64973,Terasakiella pusilla,6.69352e-05,
65511,Actinocorallia aurea,0.00168274,
66084,Wolbachia sp. wRi,0.00215063,
67260,Streptomyces cinereoruber,0.00120874,
67300,Streptomyces flocculus,6.69352e-05,
67315,Streptomyces lavenduligriseus,0.000286279,
67855,Muribacter muris,6.69352e-05,
67859,Haemophilus influenzae-murium,6.69352e-05,
68270,Streptomyces spectabilis,0.00120874,
69360,Thiocapsa rosea,6.69352e-05,
69395,Caulobacter henricii,0.00013387,
69964,Azotobacter salinestris,6.69352e-05,
70775,Pseudomonas plecoglossicida,0.00362621,
70864,Shewanella pealeana,0.00013387,
71388,Vibrio halioticoli,0.00013387,
71656,Brenneria alni,0.00194112,
71657,Lonsdalea quercina,6.69352e-05,
72000,Kocuria rhizophila,0.000917785,
75658,Campylobacter lanienae,6.69352e-05,
75688,Neptunomonas naphthovorans,0.00120874,
76123,Prevotella enoeca,0.00013387,
76588,Acidiphilium acidophilum,0.000917785,
76759,Pseudomonas monteilii,0.0108786,
76848,Sphingomonas roseiflava,0.000572559,
76853,Solibacillus silvestris,0.00168274,
77007,Thiorhodovibrio winogradskyi,0.00846116,
77097,Halomonas aquamarina,0.00120874,
78120,Succinispira mobilis,0.00275335,
78331,Mycobacterium canettii,0.00120874,
78580,Mycoplasma alvi,0.000286279,
79264,Paenibacillus ehimensis,0.00013387,
79885,Bacillus pseudofirmus,0.000917785,
80842,Herbaspirillum rubrisubalbicans,0.000572559,
80869,Acidovorax citrulli,0.00215063,
80879,Curvibacter delicatus,0.000858838,
81028,Treponema brennaborense,6.69352e-05,
81037,Pseudoalteromonas elyakovii,6.69352e-05,
81408,Geobacillus caldoxylosilyticus,0.00013387,
81409,Eubacterium aggregans,0.00120874,
81462,Thermanaerovibrio acidaminovorans,6.69352e-05,
81467,Aminobacterium mobile,6.69352e-05,
81468,Aminobacterium colombiense,0.000334676,
82348,Streptococcus pluranimalium,0.00013387,
82374,Anaerovibrio lipolyticus,0.000267741,
83769,Succinimonas amylolytica,6.69352e-05,
83816,Methanobrevibacter ruminantium,0.000286279,
84037,Syntrophococcus sucromutans,0.000645749,
84096,Gordonia alkanivorans,0.000917785,
84483,Alcanivorax sp. K2-1,0.00013387,
85643,Thauera sp. MZ1T,6.69352e-05,
85991,Chlamydia pecorum,6.69352e-05,
86102,Idiomarina abyssalis,0.000572559,
86175,Pseudomonas pertucinogena,0.000645749,
86177,Pseudomonas halophila,6.69352e-05,
86265,Pseudomonas thivervalensis,6.69352e-05,
86332,Mogibacterium pumilum,0.000535481,
86667,Jeotgalibacillus marinus,6.69352e-05,
86956,Pectinatus cerevisiiphilus,0.000200806,
86959,Propionispira raffinosivorans,0.000334676,
87460,Halomonas sp. MBIC1142,6.69352e-05,
87541,Aerococcus christensenii,6.69352e-05,
88058,Treponema primitia,0.000286279,
88233,Lactobacillus manihotivorans,0.00168274,
88374,Agromyces rhizospherae,0.000200806,
88688,Caulobacter segnis,0.000401611,
89059,Lactobacillus acidipiscis,0.000200806,
89784,Alicyclobacillus hesperidum,0.00013387,
90241,Moraxella lincolnii,6.69352e-05,
90245,Oligella urethralis,0.00367114,
90728,Desulfatiglans anilini,6.69352e-05,
90970,Alicyclobacillus tolerans,6.69352e-05,
93218,Pandoraea apista,0.000645749,
93466,Fervidobacterium pennivorans,0.00013387,
94624,Bordetella petrii,0.000286279,
96228,Legionella drozanskii,6.69352e-05,
97477,Anaerobaculum mobile,6.69352e-05,
100584,Pseudomonas sp. MBIC2027,0.00604368,
101383,Cryomorpha ignava,0.00013387,
102170,Desulfotomaculum sapomandens,6.69352e-05,
102862,Proteus penneri,0.113254,
103621,Actinomyces urogenitalis,0.000917785,
105612,Lactobacillus algidus,0.000200806,
106648,Acinetobacter bereziniae,6.69352e-05,
108007,Thermanaerovibrio velox,0.000286279,
109790,Lactobacillus jensenii,0.00168274,
111611,Geitlerinema sp. PCC 9228,6.69352e-05,
112002,Psychrobacter pacificensis,0.00013387,
112009,Ignatzschineria larvae,0.000917785,
113569,Cryptosporangium minutisporangium,0.00215063,
116089,Lactobacillus psittaci,0.00841368,
118748,Bulleidia extructa,0.000917785,
119219,Cupriavidus metallidurans,0.000917785,
119484,Syntrophobacter fumaroxidans,6.69352e-05,
119978,Acidithiobacillus albertensis,6.69352e-05,
120962,Roseiflexus castenholzii,0.000200806,
121039,Ferrimicrobium acidiphilum,0.00013387,
121726,Heliorestis baculata,6.69352e-05,
122960,Alicyclobacillus herbarius,0.000286279,
123305,Microbacterium sp. VKM Ac-2014,6.69352e-05,
123841,Helicobacter canadensis,6.69352e-05,
125288,Ornithinimicrobium humiphilum,0.000917785,
126157,Psychrobacillus psychrodurans,6.69352e-05,
126333,Desulfovibrio desulfuricans subsp. aestuarii,6.69352e-05,
128802,Albibacter methylovorans,0.000572559,
134536,Paraburkholderia caledonica,0.00314907,
135082,Selenomonas infelix,0.000602417,
135083,Selenomonas noxia,0.000602417,
137591,Weissella cibaria,6.69352e-05,
140100,Vibrio albensis,6.69352e-05,
141693,Nocardiopsis kunsanensis,6.69352e-05,
142842,Selenihalanaerobacter shriftii,0.000286279,
147709,Carnobacterium inhibens,0.000645749,
148814,Lactobacillus kunkeei,6.69352e-05,
149715,Marinitoga piezophila,6.69352e-05,
150055,Streptococcus lutetiensis,6.69352e-05,
150060,Halonatronum saccharophilum,0.000596958,
150120,Shewanella livingstonensis,6.69352e-05,
150240,Gemella cuniculi,0.00336547,
151895,Pseudopedobacter saltans,0.00013387,
153493,Conchiformibius steedae,0.000286279,
155617,Enterococcus moraviensis,0.000645749,
156978,Corynebacterium imitans,0.000286279,
157225,Salinicoccus hispanicus,0.00120874,
157687,Leptotrichia wadei,6.69352e-05,
157688,Leptotrichia hofstadii,6.69352e-05,
158836,Enterobacter hormaechei,6.69352e-05,
158899,Collimonas fungivorans,6.69352e-05,
160386,Corynebacterium casei,6.69352e-05,
160453,Enterococcus gilvus,0.000468546,
161879,Corynebacterium kroppenstedtii,0.00241747,
163202,Corynebacterium appendicis,0.000917785,
163603,Actinomadura latina,6.69352e-05,
163605,Nocardiopsis umidischolae,6.69352e-05,
164514,Blattabacterium punctulatus,0.00013387,
164546,Cupriavidus taiwanensis,6.69352e-05,
165813,Sporanaerobacter acetigenes,0.00013387,
168384,Marvinbryantia formatexigens,6.69352e-05,
171404,Paenibacillus agaridevorans,0.000286279,
171523,Lactobacillus pantheris,6.69352e-05,
172042,Rothia aeria,0.000200806,
173362,Brachybacterium paraconglomeratum,0.00013387,
173959,Brevibacillus invocatus,6.69352e-05,
178774,Bacillus luciferensis,6.69352e-05,
181487,Actinomyces cardiffensis,6.69352e-05,
182262,Agarivorans albus,6.69352e-05,
182270,Aurantimonas coralicida,6.69352e-05,
182640,Kribbella flavida,6.69352e-05,
183417,Proteus hauseri,0.00846116,
184064,Thermodesulfobium narugense,0.000334676,
184607,Crocinitomix catalasitica,0.00013387,
184870,Varibaculum cambriense,0.000645749,
185008,Butyrivibrio hungatei,0.000334676,
185243,Propionicimonas paludicola,0.00013387,
185293,Prevotella oryzae,0.000200806,
187145,Caldithrix abyssi,0.00013387,
187491,Corynebacterium glaucum,6.69352e-05,
188872,Arenibacter troitsensis,0.00153951,
189426,Paenibacillus odorifer,0.00013387,
189722,Prevotella marshii,0.00013387,
191298,Pseudomonas sp. VKM B-2265,0.00120874,
191610,Corynebacterium atypicum,0.0013387,
192994,Thermoleophilum minutum,6.69352e-05,
194432,Methylobacterium sp. BF10,0.000200806,
194436,Methylobacterium sp. PC30.44,6.69352e-05,
194867,Sphingomonas sp. ATCC 31555,0.00013387,
195064,Ectothiorhodospira mobilis,0.000596958,
195250,Synechococcus sp. PCC 7336,0.000286279,
195907,Gillisia limnaea,6.69352e-05,
196024,Aeromonas dhakensis,0.000200806,
196162,Nocardioides sp. JS614,0.00013387,
202258,Halobacillus sp. YIM-kkny2,0.000286279,
202604,Moorella mulderi,0.000267741,
202611,Lysinibacillus odysseyi,0.00013387,
203699,Derxia gummosa,0.000917785,
208226,Alkaliphilus metalliredigens,0.000267741,
208443,Amycolatopsis balhimycina,0.000286279,
212663,Vibrio tasmaniensis,0.000267741,
215591,Treponema caldarium,6.69352e-05,
215803,Enhygromyxa salina,0.000267741,
216463,Lactobacillus spicheri,0.00013387,
216947,Spiroplasma velocicrescens,0.000200806,
217070,Stella vacuolata,6.69352e-05,
217219,Meganema perideroedes,0.00114512,
219742,Psychrobacter adeliensis,6.69352e-05,
219748,Clostridium tunisiense,6.69352e-05,
220688,Bacillus soli,0.000596958,
221711,Desulfovibrio brasiliensis,6.69352e-05,
225327,Nesterenkonia xinjiangensis,0.000286279,
225991,Comamonas aquatica,0.00846116,
225992,Comamonas kerstersii,0.00120874,
227319,Corynebacterium ciconiae,6.69352e-05,
227943,Lactobacillus antri,0.00168274,
229545,Aster yellows witches'-broom phytoplasma,0.00013387,
229549,Streptococcus minor,6.69352e-05,
231053,Saccharibacter floricola,0.000917785,
232270,Effusibacillus pohliae,6.69352e-05,
240427,Lactobacillus paracollinoides,0.0572131,
242750,Prevotella bergensis,0.00168274,
244596,Hoeflea phototrophica,0.000286279,
244787,Nautilia profundicola,6.69352e-05,
249058,Gordonia otitidis,0.000917785,
251535,Candidatus Blochmannia vafer,0.00362621,
253256,Soehngenia saccharolytica,6.69352e-05,
256701,Glutamicibacter arilaitensis,0.000917785,
266762,Porphyromonas gingivicanis,0.000286279,
268429,Acinetobacter sp. LMG TH120,6.69352e-05,
273164,Pontibacillus marinus,0.000267741,
273528,Exiguobacterium marinum,0.000200806,
273678,Microbacterium hydrocarbonoxydans,0.00013387,
279360,Roseivirga ehrenbergii,6.69352e-05,
279832,Suttonella ornithocola,6.69352e-05,
283734,Staphylococcus pseudintermedius,0.000917785,
284042,Streptomyces violaceorubidus,0.00120874,
284581,Bacillus koreensis,0.000267741,
285110,Carboxydocella sporoproducens,0.00120874,
285528,Streptomyces mucoflavus,0.00241747,
286730,Alkaliflexus imshenetskii,0.000858838,
287535,Balneola vulgaris,0.00013387,
287990,Marinitoga hydrogenitolerans,6.69352e-05,
288022,Kordiimonas gwangyangensis,0.000286279,
290335,Tetragenococcus koreensis,6.69352e-05,
291112,Photorhabdus asymbiotica,6.69352e-05,
291990,Thermosediminibacter oceani,0.000917785,
292800,Flavonifractor plautii,6.69352e-05,
293890,Agromyces subbeticus,6.69352e-05,
301585,Spiroplasma platyhelix,0.000267741,
304268,Bacillus alkalitelluris,0.000917785,
306546,Marinimicrobium agarilyticum,6.69352e-05,
307126,Lactobacillus apodemi,0.00013387,
314254,Oceanicaulis sp. HTCC2633,0.00120874,
314275,Alteromonas mediterranea,0.000645749,
314282,Psychromonas sp. CNPT3,0.00013387,
314319,Prolixibacter bellariivorans,0.00013387,
316068,Leadbetterella byssophila,6.69352e-05,
316277,Syntrophus aciditrophicus,6.69352e-05,
322505,Sharpea azabuensis,0.00183557,
326522,Neisseria animaloris,0.000286279,
327691,Sphingomonas rhizogenes,0.000286279,
330920,Sphingomonas azotifigens,6.69352e-05,
332095,Dethiosulfatibacter aminovorans,0.000535481,
332249,Truepera radiovictrix,6.69352e-05,
333962,Providencia heimbachae,0.00120874,
337191,Gordonia sp. KTR9,0.00120874,
340095,Thermodesulfovibrio thiophilus,0.000286279,
349096,Pectinatus haikarae,0.00214193,
350894,Flavobacterium suncheonense,0.000669352,
356828,Alloscardovia criceti,6.69352e-05,
357808,Roseiflexus sp. RS-1,0.0012915,
358220,Acidovorax sp. KKS102,0.000286279,
359303,Shewanella loihica,0.00120874,
362413,Flavobacterium aquidurense,0.00120874,
363277,Ktedonobacter racemifer,0.000334676,
363872,Bacillus panaciterrae,6.69352e-05,
364030,Thiomonas delicata,0.00013387,
364317,Verminephrobacter eiseniae,0.000286279,
366602,Caulobacter sp. K31,0.00013387,
367282,Deinococcus yunweiensis,0.000286279,
367336,Rhodobacterales bacterium HTCC2255,6.69352e-05,
367488,Blattabacterium sp. (Periplaneta americana),0.000200806,
367806,Blattabacterium sp. (Blatta orientalis),6.69352e-05,
368831,Halomonas sp. YIM DKMY60,0.000200806,
368977,Alkalibacillus halophilus,6.69352e-05,
370736,Zhihengliuella halotolerans,6.69352e-05,
373054,Calditerricola satsumensis,6.69352e-05,
375674,Paraferrimonas sedimenticola,6.69352e-05,
379075,Sediminitomix flava,0.000286279,
380393,Lactobacillus namurensis,6.69352e-05,
387092,Nitratiruptor sp. SB155-2,0.000645749,
392009,Zeaxanthinibacter enoshimensis,6.69352e-05,
392015,Alicyclobacillus macrosporangiidus,6.69352e-05,
392333,Geoalkalibacter ferrihydriticus,0.000401611,
392566,Lactobacillus aquaticus,0.00013387,
392838,Bacteroides propionicifaciens,0.0014314,
398555,Lactobacillus composti,0.00168274,
400772,Microbacterium ginsengisoli,0.00013387,
401654,Rahnella sp. BIHB 783,0.000917785,
402877,Syntrophomonas palmitatica,0.000200806,
403935,Streptomyces radiopugnans,6.69352e-05,
415425,Flavobacterium terrae,0.000267741,
416001,Nodosilinea nodulosa,6.69352e-05,
416016,Flavobacterium cucumis,0.000200806,
417220,Nesterenkonia sp. YIM 90719,0.000286279,
417373,Lactobacillus equigenerosi,0.00673095,
418701,Litoricola lipolytica,0.00120874,
419475,Ochrobactrum pseudogrignonense,6.69352e-05,
421628,Ectothiorhodospira haloalkaliphila,6.69352e-05,
423605,Elusimicrobium minutum,6.69352e-05,
425254,Cellulosilyticum ruminicola,0.000736287,
426226,Flavobacterium subsaxonicum,0.000286279,
426421,Sediminibacterium salmoneum,0.00013387,
426599,Fulvibacter tottoriensis,6.69352e-05,
427918,Nitriliruptor alkaliphilus,6.69352e-05,
427923,Desulfurivibrio alkaliphilus,0.00013387,
428712,Jonquetella anthropi,6.69352e-05,
434086,Porticoccus litoralis,0.00168274,
441501,Corynebacterium massiliense,0.000572559,
443143,Geobacter sp. M18,0.00013387,
444162,Thiofaba tepidiphila,0.000468546,
444923,Rhodoplanes piscinae,6.69352e-05,
445958,Streptomyces sp. HBUM 87473,0.000917785,
446787,Actinopolymorpha rutila,6.69352e-05,
447217,Anaeromyxobacter sp. K,0.000200806,
453230,Desulfarculus baarsii,6.69352e-05,
453816,Bdellovibrio exovorus,6.69352e-05,
453852,Joostella marina,0.00180725,
454155,Paraprevotella xylaniphila,0.000596958,
454600,Gracilimonas tropica,6.69352e-05,
454602,Spongiibacter tropicus,6.69352e-05,
458711,Desulfovibrio marinisediminis,6.69352e-05,
459515,Nakamurella lactea,6.69352e-05,
466153,Singulisphaera acidiphila,6.69352e-05,
470756,Bacillus sp. YIM C209,6.69352e-05,
470933,Pantoea eucalypti,6.69352e-05,
471827,Candidatus Desulforudis audaxviator,6.69352e-05,
472181,Pseudomonas sabulinigri,0.000286279,
475255,Pedobacter nyackensis,6.69352e-05,
477641,Modestobacter marinus,0.000870157,
477976,Calditerrivibrio nitroreducens,6.69352e-05,
480224,Chloroflexus sp. Y-400-fl,0.000286279,
480930,Lactobacillus odoratitofui,0.355057,
483011,Lactobacillus fabifermentans,0.00168274,
484184,Paenibacillus taichungensis,6.69352e-05,
488447,Burkholderia contaminans,0.00645189,
494023,Paeniglutamicibacter antarcticus,0.00013387,
494026,Paenibacillus glacialis,0.000917785,
496053,Hymenobacter daecheongensis,0.00013387,
496866,Thermoanaerobacter pseudethanolicus,0.000596958,
499229,Tepidanaerobacter acetatoxydans,0.00013387,
501482,Agrococcus versicolor,0.00215063,
501483,Leucobacter tardus,6.69352e-05,
518643,Bifidobacterium mongoliense,0.00207499,
519472,Vagococcus teuberi,0.000645749,
520083,Lactobacillus sp. KLDS 1.0716,0.496407,
520085,Lactobacillus sp. KLDS 1.0718,0.00504821,
529703,Adhaeribacter terreus,0.00013387,
543886,Saccharopolyspora endophytica,6.69352e-05,
544718,Arcobacter thereius,6.69352e-05,
545890,Alicyclobacillus aeris,6.69352e-05,
546160,Dietzia lutea,6.69352e-05,
552357,Shewanella fodinae,0.000200806,
552810,Dehalogenimonas lykanthroporepellens,6.69352e-05,
554283,Flavobacterium chungangense,0.000286279,
559956,Celerinatantimonas yamalensis,0.00013387,
561365,Maribacter arcticus,0.000286279,
564288,Desulfonauticus autotrophicus,6.69352e-05,
566027,Micrococcus yunnanensis,6.69352e-05,
569599,Umboniibacter marinipuniceus,0.00120874,
571800,Psychrobacter sp. G,0.00120874,
572036,Pedobacter luteus,6.69352e-05,
574963,Wandonia haliotis,6.69352e-05,
577386,Niabella yanshanensis,6.69352e-05,
588932,Brevundimonas naejangsanensis,0.000572559,
592978,Ruminococcus faecis,6.69352e-05,
593401,Desulfovibrio sp. VKM B-2200,0.000286279,
595671,Amnibacterium kyonggiense,6.69352e-05,
600645,Aeromonas piscicola,6.69352e-05,
622695,Planococcus salinarum,6.69352e-05,
633415,Aeromonas sanarellii,0.000267741,
634765,Cocleimonas flava,0.000286279,
648794,Aeromonas rivuli,6.69352e-05,
653930,Pseudomonas bauzanensis,6.69352e-05,
656519,Halanaerobium hydrogeniformans,6.69352e-05,
667303,Salinirepens amamiensis,6.69352e-05,
669462,Paenibacillus pinihumi,6.69352e-05,
670293,Segetibacter aerophilus,6.69352e-05,
671224,Selenomonas artemidis,0.000200806,
682179,Bacillus luteolus,0.000917785,
683124,Flavobacterium haoranii,6.69352e-05,
692418,Reichenbachiella faecimaris,6.69352e-05,
693075,Caldisericum exile,0.00120483,
705309,Bifidobacterium sp. JCM 6439,0.000535481,
706570,Pseudomonas flexibilis,6.69352e-05,
742013,Delftia sp. Cs1-4,6.69352e-05,
754477,Methylophaga frappieri,6.69352e-05,
755172,Peptoniphilus coxii,0.00229024,
767892,Candidatus Puniceispirillum marinum,0.000286279,
797291,Sphingobacterium lactis,0.000286279,
797292,Sphingobacterium alimentarium,6.69352e-05,
859653,alpha proteobacterium HIMB5,0.000286279,
866801,Lactobacillus ozensis,6.69352e-05,
872327,Lactobacillus pasteurii,0.00168274,
882139,Bacillus sp. IHB B 2291,6.69352e-05,
882141,Bacillus sp. IHB B 2296,6.69352e-05,
907224,Peptoniphilus methioninivorax,0.000286279,
911092,Caldanaerobacter subterraneus,0.00013387,
930124,Bacillus halosaccharovorans,0.00013387,
936476,Marinomonas posidonica,0.00013387,
946336,Acidicapsa borealis,6.69352e-05,
946435,Jeotgalicoccus sp. ATCC 8456,6.69352e-05,
985664,Bacillus sp. CCUG 60788,0.00013387,
1002672,Candidatus Pelagibacter sp. IMCC9063,0.000468546,
1005741,Saprospiraceae bacterium KMM 9006,6.69352e-05,
1007105,Pusillimonas sp. T7-7,0.000858838,
1070864,Actinophytocola sp. YIM 75635,0.000267741,
1078392,Aggregatibacter sp. CCUG 36139,0.00013387,
1109412,Brenneria goodwinii,0.00013387,
1113588,Bacillus sp. NBRC 3527,0.00013387,
1113614,Paenibacillus sp. NBRC 13630,6.69352e-05,
1113625,Lactobacillus sp. NBRC 14512,0.00168274,
1113650,Sphingobacterium sp. NBRC 15340,0.000286279,
1113655,Psychrobacter sp. NBRC 15736,0.000286279,
1113696,Halomonas sp. NBRC 100990,6.69352e-05,
1113737,Bacillus sp. NBRC 101223,0.000645749,
1113741,Bacillus sp. NBRC 101250,0.000917785,
1113768,Hymenobacter sp. NBRC 101361,6.69352e-05,
1113772,Flavobacterium sp. NBRC 101627,6.69352e-05,
1113805,Marinobacter sp. NBRC 101712,0.000286279,
1113946,Lactococcus sp. NBRC 106007,0.00168274,
1114049,Lactobacillus sp. NBRC 107226,0.000286279,
1114092,Weissella sp. NBRC 107272,0.00120874,
1114874,Flavobacterium piscis,0.000602417,
1124597,Magnetococcus marinus,0.000401611,
1134687,Klebsiella michiganensis,0.00120874,
1136497,Brevibacterium siliguriense,0.000334676,
1137799,Endozoicomonas numazuensis,0.000286279,
1141657,Nocardia vulneris,0.000917785,
1143711,Paenibacillus frigoriresistens,0.00120874,
1146890,Paenibacillus sp. YIM 110206,0.00013387,
1156433,Streptococcus sp. I-P16,0.000334676,
1173264,Leptolyngbya sp. PCC 6406,0.00013387,
1177712,Komagataeibacter medellinensis,6.69352e-05,
1177755,Methyloligella halotolerans,6.69352e-05,
1184387,Mesotoga prima,0.00013387,
1202724,Flavobacterium akiainvivens,0.000286279,
1203471,Geobacter daltonii,0.000535481,
1235990,Candidatus Pantoea carbekii,0.000200806,
1265731,Thalassomonas sp. KMM 6739,0.000286279,
1273132,Liberibacter crescens,0.000286279,
1329370,Halomonas qiaohouensis,6.69352e-05,
1381080,Idiomarina woesei,0.00013387,
1391653,Vulgatibacter incomptus,0.00168274,
1391654,Labilithrix luteola,0.00013387,
1404244,Corynebacterium glyciniphilum,6.69352e-05,
1411119,Chitinimonas sp. YIM 77919,6.69352e-05,
1411150,Sphaerochaeta sp. DSM 26296,6.69352e-05,
1427356,Hyphomicrobium nitrativorans,0.00013387,
1436010,Nesterenkonia aurantiaca,0.000917785,
1463864,Streptomyces sp. NRRL F-5630,0.00120874,
1494461,Lactococcus laudensis,0.000286279,
1494462,Lactococcus hircilactis,6.69352e-05,
1505723,Lactobacillus bombicola,0.000200806,
1505726,Convivina intestini,0.00168274,
1521434,Enteractinococcus sp. YIM 101617,0.000286279,
1550609,Rheinheimera japonica,6.69352e-05,
1579979,Wenzhouxiangella marina,0.00120874,
1609137,Streptomyces sp. NRRL F-4428,0.00013387,
1616802,Flavobacterium sp. KCTC 42148,6.69352e-05,
1653207,Bifidobacterium aquikefiri,0.000200806,
1661050,Pseudomonas sp. NBRC 111135,0.0181311,
1661055,Pseudomonas sp. NBRC 111140,6.69352e-05,
1661059,Pseudomonas sp. NBRC 111144,0.00362621,
1689834,Acidithiobacillus ferriphilus,0.000286279,
1735103,Nitratireductor sp. 2-2-12-1,0.000286279,
1750644,Aeromicrobium sp. YIM Y47,0.000401611,
1755639,Akkermansia sp. MC_55,0.000645749,
1775539,Acidovorax sp. JCM 10072,0.00220886,
1776082,Shigella sp. SF-2015,6.69352e-05,
1820336,Colwellia sediminilitoris,6.69352e-05,
1827101,Eubacterium sp. JCM 9976,0.000596958,
1859291,Corynebacterium sp. YIM 101587,0.000572559,
1870819,Paenibacillus sp. BIHB4019,0.00013387,
